# 200 GCC wards. place_name and ward_name_local are DERIVED from OpenStreetMap localities, not official GCC ward names; 129/200 carry a Tamil name and the rest are deliberately blank. Geometry reduced to a centroid. This row is NOT a boundary — joining on the centroid gives you a point inside (or near) the shape, not the shape.
ward_no,ward_name,place_name,place_name_local,place_name_source,ward_name_kn,ward_name_local,ward_name_local_lang,ward_name_local_source,corporation,corporation_kn,zone,zone_code,region,zone_source,division,sub_division,assembly,population_total,population_status,geometry_type,centroid_lng,centroid_lat,vertex_count
168,Ward 168 - SIDCO Industrial Estate,SIDCO Industrial Estate,சிட்கோ தொழிற்பேட்டை,DERIVED - nearest/containing OpenStreetMap locality; not an official ward name,வார்டு 168 - சிட்கோ தொழிற்பேட்டை,வார்டு 168 - சிட்கோ தொழிற்பேட்டை,ta,DERIVED - Tamil name of the matched OpenStreetMap locality. Not an official GCC ward name in Tamil.,Greater Chennai Corporation,பெருநகர சென்னை மாநகராட்சி,Adyar,XIII,South,DERIVED — centroid-in-polygon join to GCC zones 2022,,,,,UNAVAILABLE,Polygon,80.214179,13.016773,261
169,Ward 169 - Little Mount,Little Mount,சின்னமலை,DERIVED - nearest/containing OpenStreetMap locality; not an official ward name,வார்டு 169 - சின்னமலை,வார்டு 169 - சின்னமலை,ta,DERIVED - Tamil name of the matched OpenStreetMap locality. Not an official GCC ward name in Tamil.,Greater Chennai Corporation,பெருநகர சென்னை மாநகராட்சி,Adyar,XIII,South,DERIVED — centroid-in-polygon join to GCC zones 2022,,,,,UNAVAILABLE,Polygon,80.232277,13.022086,635
170,Ward 170 - Kotturpuram,Kotturpuram,கோட்டூர்புரம்,DERIVED - nearest/containing OpenStreetMap locality; not an official ward name,வார்டு 170 - கோட்டூர்புரம்,வார்டு 170 - கோட்டூர்புரம்,ta,DERIVED - Tamil name of the matched OpenStreetMap locality. Not an official GCC ward name in Tamil.,Greater Chennai Corporation,பெருநகர சென்னை மாநகராட்சி,Adyar,XIII,South,DERIVED — centroid-in-polygon join to GCC zones 2022,,,,,UNAVAILABLE,Polygon,80.244077,13.00803,378
171,Ward 171 - Ramakrishna Nagar,Ramakrishna Nagar,ராமகிருஷ்ணா நகர்,DERIVED - nearest/containing OpenStreetMap locality; not an official ward name,வார்டு 171 - ராமகிருஷ்ணா நகர்,வார்டு 171 - ராமகிருஷ்ணா நகர்,ta,DERIVED - Tamil name of the matched OpenStreetMap locality. Not an official GCC ward name in Tamil.,Greater Chennai Corporation,பெருநகர சென்னை மாநகராட்சி,Adyar,XIII,South,DERIVED — centroid-in-polygon join to GCC zones 2022,,,,,UNAVAILABLE,MultiPolygon,80.263727,13.023174,321
174,Ward 174 - Besant Nagar,Besant Nagar,பெசன்ட் நகர்,DERIVED - nearest/containing OpenStreetMap locality; not an official ward name,வார்டு 174 - பெசன்ட் நகர்,வார்டு 174 - பெசன்ட் நகர்,ta,DERIVED - Tamil name of the matched OpenStreetMap locality. Not an official GCC ward name in Tamil.,Greater Chennai Corporation,பெருநகர சென்னை மாநகராட்சி,Adyar,XIII,South,DERIVED — centroid-in-polygon join to GCC zones 2022,,,,,UNAVAILABLE,Polygon,80.26157,13.000798,202
173,Ward 173 - Gandhinagar,Gandhinagar,காந்தி நகர்,DERIVED - nearest/containing OpenStreetMap locality; not an official ward name,வார்டு 173 - காந்தி நகர்,வார்டு 173 - காந்தி நகர்,ta,DERIVED - Tamil name of the matched OpenStreetMap locality. Not an official GCC ward name in Tamil.,Greater Chennai Corporation,பெருநகர சென்னை மாநகராட்சி,Adyar,XIII,South,DERIVED — centroid-in-polygon join to GCC zones 2022,,,,,UNAVAILABLE,Polygon,80.253454,12.99921,343
179,Ward 179 - Thiruvanmiyur,Thiruvanmiyur,திருவான்மியூர்,DERIVED - nearest/containing OpenStreetMap locality; not an official ward name,வார்டு 179 - திருவான்மியூர்,வார்டு 179 - திருவான்மியூர்,ta,DERIVED - Tamil name of the matched OpenStreetMap locality. Not an official GCC ward name in Tamil.,Greater Chennai Corporation,பெருநகர சென்னை மாநகராட்சி,Adyar,XIII,South,DERIVED — centroid-in-polygon join to GCC zones 2022,,,,,UNAVAILABLE,Polygon,80.260663,12.992062,306
178,Ward 178 - Taramani,Taramani,தரமணி,DERIVED - nearest/containing OpenStreetMap locality; not an official ward name,வார்டு 178 - தரமணி,வார்டு 178 - தரமணி,ta,DERIVED - Tamil name of the matched OpenStreetMap locality. Not an official GCC ward name in Tamil.,Greater Chennai Corporation,பெருநகர சென்னை மாநகராட்சி,Adyar,XIII,South,DERIVED — centroid-in-polygon join to GCC zones 2022,,,,,UNAVAILABLE,Polygon,80.241973,12.984242,506
172,Ward 172 - Guindy,Guindy,கிண்டி,DERIVED - nearest/containing OpenStreetMap locality; not an official ward name,வார்டு 172 - கிண்டி,வார்டு 172 - கிண்டி,ta,DERIVED - Tamil name of the matched OpenStreetMap locality. Not an official GCC ward name in Tamil.,Greater Chennai Corporation,பெருநகர சென்னை மாநகராட்சி,Adyar,XIII,South,DERIVED — centroid-in-polygon join to GCC zones 2022,,,,,UNAVAILABLE,Polygon,80.227232,12.992167,696
177,Ward 177 - Velachery,Velachery,வேளச்சேரி,DERIVED - nearest/containing OpenStreetMap locality; not an official ward name,வார்டு 177 - வேளச்சேரி,வார்டு 177 - வேளச்சேரி,ta,DERIVED - Tamil name of the matched OpenStreetMap locality. Not an official GCC ward name in Tamil.,Greater Chennai Corporation,பெருநகர சென்னை மாநகராட்சி,Adyar,XIII,South,DERIVED — centroid-in-polygon join to GCC zones 2022,,,,,UNAVAILABLE,Polygon,80.222872,12.979898,372
176,Ward 176 - Adambakkam,Adambakkam,ஆதம்பாக்கம்,DERIVED - nearest/containing OpenStreetMap locality; not an official ward name,வார்டு 176 - ஆதம்பாக்கம்,வார்டு 176 - ஆதம்பாக்கம்,ta,DERIVED - Tamil name of the matched OpenStreetMap locality. Not an official GCC ward name in Tamil.,Greater Chennai Corporation,பெருநகர சென்னை மாநகராட்சி,Adyar,XIII,South,DERIVED — centroid-in-polygon join to GCC zones 2022,,,,,UNAVAILABLE,Polygon,80.21459,12.978443,237
175,Ward 175 - Dr Ambedkar Nagar,Dr Ambedkar Nagar,டாக்டர் அம்பேத்கர் நகர்,DERIVED - nearest/containing OpenStreetMap locality; not an official ward name,வார்டு 175 - டாக்டர் அம்பேத்கர் நகர்,வார்டு 175 - டாக்டர் அம்பேத்கர் நகர்,ta,DERIVED - Tamil name of the matched OpenStreetMap locality. Not an official GCC ward name in Tamil.,Greater Chennai Corporation,பெருநகர சென்னை மாநகராட்சி,Adyar,XIII,South,DERIVED — centroid-in-polygon join to GCC zones 2022,,,,,UNAVAILABLE,Polygon,80.209671,12.989511,445
180,Ward 180 - Devendra Nagar,Devendra Nagar,தேவேந்திர நகர்,DERIVED - nearest/containing OpenStreetMap locality; not an official ward name,வார்டு 180 - தேவேந்திர நகர்,வார்டு 180 - தேவேந்திர நகர்,ta,DERIVED - Tamil name of the matched OpenStreetMap locality. Not an official GCC ward name in Tamil.,Greater Chennai Corporation,பெருநகர சென்னை மாநகராட்சி,Adyar,XIII,South,DERIVED — centroid-in-polygon join to GCC zones 2022,,,,,UNAVAILABLE,Polygon,80.258748,12.980726,345
193,Ward 193 - Srinivasa Nagar,Srinivasa Nagar,,DERIVED - nearest/containing OpenStreetMap locality; not an official ward name,,,,,Greater Chennai Corporation,பெருநகர சென்னை மாநகராட்சி,Shozhanganallur,XV,South,DERIVED — centroid-in-polygon join to GCC zones 2022,,,,,UNAVAILABLE,Polygon,80.239628,12.949069,96
198,Ward 198 - Karapakkam,Karapakkam,காரப்பாக்கம்,DERIVED - nearest/containing OpenStreetMap locality; not an official ward name,வார்டு 198 - காரப்பாக்கம்,வார்டு 198 - காரப்பாக்கம்,ta,DERIVED - Tamil name of the matched OpenStreetMap locality. Not an official GCC ward name in Tamil.,Greater Chennai Corporation,பெருநகர சென்னை மாநகராட்சி,Shozhanganallur,XV,South,DERIVED — centroid-in-polygon join to GCC zones 2022,,,,,UNAVAILABLE,Polygon,80.230404,12.91101,146
199,Ward 199 - Sholinganallur,Sholinganallur,சோழிங்கநல்லூர்,DERIVED - nearest/containing OpenStreetMap locality; not an official ward name,வார்டு 199 - சோழிங்கநல்லூர்,வார்டு 199 - சோழிங்கநல்லூர்,ta,DERIVED - Tamil name of the matched OpenStreetMap locality. Not an official GCC ward name in Tamil.,Greater Chennai Corporation,பெருநகர சென்னை மாநகராட்சி,Shozhanganallur,XV,South,DERIVED — centroid-in-polygon join to GCC zones 2022,,,,,UNAVAILABLE,Polygon,80.225185,12.889557,163
192,Ward 192 - Neelankarai,Neelankarai,நீலாங்கரை,DERIVED - nearest/containing OpenStreetMap locality; not an official ward name,வார்டு 192 - நீலாங்கரை,வார்டு 192 - நீலாங்கரை,ta,DERIVED - Tamil name of the matched OpenStreetMap locality. Not an official GCC ward name in Tamil.,Greater Chennai Corporation,பெருநகர சென்னை மாநகராட்சி,Shozhanganallur,XV,South,DERIVED — centroid-in-polygon join to GCC zones 2022,,,,,UNAVAILABLE,Polygon,80.254644,12.9478,89
200,Ward 200 - CMWSSB Division 200,CMWSSB Division 200,,DERIVED - nearest/containing OpenStreetMap locality; not an official ward name,,,,,Greater Chennai Corporation,பெருநகர சென்னை மாநகராட்சி,Shozhanganallur,XV,South,DERIVED — centroid-in-polygon join to GCC zones 2022,,,,,UNAVAILABLE,Polygon,80.225589,12.872333,132
194,Ward 194 - Injambakkam,Injambakkam,ஈஞ்சம்பாக்கம்,DERIVED - nearest/containing OpenStreetMap locality; not an official ward name,வார்டு 194 - ஈஞ்சம்பாக்கம்,வார்டு 194 - ஈஞ்சம்பாக்கம்,ta,DERIVED - Tamil name of the matched OpenStreetMap locality. Not an official GCC ward name in Tamil.,Greater Chennai Corporation,பெருநகர சென்னை மாநகராட்சி,Shozhanganallur,XV,South,DERIVED — centroid-in-polygon join to GCC zones 2022,,,,,UNAVAILABLE,Polygon,80.250861,12.926132,150
197,Ward 197 - Uthandi,Uthandi,உத்தண்டி,DERIVED - nearest/containing OpenStreetMap locality; not an official ward name,வார்டு 197 - உத்தண்டி,வார்டு 197 - உத்தண்டி,ta,DERIVED - Tamil name of the matched OpenStreetMap locality. Not an official GCC ward name in Tamil.,Greater Chennai Corporation,பெருநகர சென்னை மாநகராட்சி,Shozhanganallur,XV,South,DERIVED — centroid-in-polygon join to GCC zones 2022,,,,,UNAVAILABLE,Polygon,80.247391,12.899795,117
185,Ward 185 - Ullagaram,Ullagaram,உல்லகரம்,DERIVED - nearest/containing OpenStreetMap locality; not an official ward name,வார்டு 185 - உல்லகரம்,வார்டு 185 - உல்லகரம்,ta,DERIVED - Tamil name of the matched OpenStreetMap locality. Not an official GCC ward name in Tamil.,Greater Chennai Corporation,பெருநகர சென்னை மாநகராட்சி,Perunkudi,XIV,South,DERIVED — centroid-in-polygon join to GCC zones 2022,,,,,UNAVAILABLE,Polygon,80.193578,12.977441,213
186,Ward 186 - Puzhuthivakkam,Puzhuthivakkam,புழுதிவாக்கம்,DERIVED - nearest/containing OpenStreetMap locality; not an official ward name,வார்டு 186 - புழுதிவாக்கம்,வார்டு 186 - புழுதிவாக்கம்,ta,DERIVED - Tamil name of the matched OpenStreetMap locality. Not an official GCC ward name in Tamil.,Greater Chennai Corporation,பெருநகர சென்னை மாநகராட்சி,Perunkudi,XIV,South,DERIVED — centroid-in-polygon join to GCC zones 2022,,,,,UNAVAILABLE,Polygon,80.198542,12.972152,199
184,Ward 184 - CMWSSB Division 186,CMWSSB Division 186,,DERIVED - nearest/containing OpenStreetMap locality; not an official ward name,,,,,Greater Chennai Corporation,பெருநகர சென்னை மாநகராட்சி,Perunkudi,XIV,South,DERIVED — centroid-in-polygon join to GCC zones 2022,,,,,UNAVAILABLE,Polygon,80.236945,12.967232,309
181,Ward 181 - Kottivakkam,Kottivakkam,கொட்டிவாக்கம்,DERIVED - nearest/containing OpenStreetMap locality; not an official ward name,வார்டு 181 - கொட்டிவாக்கம்,வார்டு 181 - கொட்டிவாக்கம்,ta,DERIVED - Tamil name of the matched OpenStreetMap locality. Not an official GCC ward name in Tamil.,Greater Chennai Corporation,பெருநகர சென்னை மாநகராட்சி,Perunkudi,XIV,South,DERIVED — centroid-in-polygon join to GCC zones 2022,,,,,UNAVAILABLE,Polygon,80.255345,12.975242,287
183,Ward 183 - Palavakkam,Palavakkam,பாலவாக்கம்,DERIVED - nearest/containing OpenStreetMap locality; not an official ward name,வார்டு 183 - பாலவாக்கம்,வார்டு 183 - பாலவாக்கம்,ta,DERIVED - Tamil name of the matched OpenStreetMap locality. Not an official GCC ward name in Tamil.,Greater Chennai Corporation,பெருநகர சென்னை மாநகராட்சி,Perunkudi,XIV,South,DERIVED — centroid-in-polygon join to GCC zones 2022,,,,,UNAVAILABLE,Polygon,80.252914,12.962567,80
189,Ward 189 - Pallikaranai,Pallikaranai,பள்ளிக்கரணை,DERIVED - nearest/containing OpenStreetMap locality; not an official ward name,வார்டு 189 - பள்ளிக்கரணை,வார்டு 189 - பள்ளிக்கரணை,ta,DERIVED - Tamil name of the matched OpenStreetMap locality. Not an official GCC ward name in Tamil.,Greater Chennai Corporation,பெருநகர சென்னை மாநகராட்சி,Perunkudi,XIV,South,DERIVED — centroid-in-polygon join to GCC zones 2022,,,,,UNAVAILABLE,Polygon,80.21244,12.941709,425
190,Ward 190 - CMWSSB Division 190,CMWSSB Division 190,,DERIVED - nearest/containing OpenStreetMap locality; not an official ward name,,,,,Greater Chennai Corporation,பெருநகர சென்னை மாநகராட்சி,Perunkudi,XIV,South,DERIVED — centroid-in-polygon join to GCC zones 2022,,,,,UNAVAILABLE,Polygon,80.202605,12.930663,299
191,Ward 191 - Jayachandran Nagar,Jayachandran Nagar,ஜெயச்சந்திரன் நகர்,DERIVED - nearest/containing OpenStreetMap locality; not an official ward name,வார்டு 191 - ஜெயச்சந்திரன் நகர்,வார்டு 191 - ஜெயச்சந்திரன் நகர்,ta,DERIVED - Tamil name of the matched OpenStreetMap locality. Not an official GCC ward name in Tamil.,Greater Chennai Corporation,பெருநகர சென்னை மாநகராட்சி,Perunkudi,XIV,South,DERIVED — centroid-in-polygon join to GCC zones 2022,,,,,UNAVAILABLE,Polygon,80.206299,12.9218,108
182,Ward 182 - Perungudi,Perungudi,பெருங்குடி,DERIVED - nearest/containing OpenStreetMap locality; not an official ward name,வார்டு 182 - பெருங்குடி,வார்டு 182 - பெருங்குடி,ta,DERIVED - Tamil name of the matched OpenStreetMap locality. Not an official GCC ward name in Tamil.,Greater Chennai Corporation,பெருநகர சென்னை மாநகராட்சி,Perunkudi,XIV,South,DERIVED — centroid-in-polygon join to GCC zones 2022,,,,,UNAVAILABLE,Polygon,80.244037,12.970653,440
126,Ward 126 - Mandaveli,Mandaveli,மந்தைவெளி,DERIVED - nearest/containing OpenStreetMap locality; not an official ward name,வார்டு 126 - மந்தைவெளி,வார்டு 126 - மந்தைவெளி,ta,DERIVED - Tamil name of the matched OpenStreetMap locality. Not an official GCC ward name in Tamil.,Greater Chennai Corporation,பெருநகர சென்னை மாநகராட்சி,Teynampet,IX,Central,DERIVED — centroid-in-polygon join to GCC zones 2022,,,,,UNAVAILABLE,Polygon,80.268002,13.027092,440
125,Ward 125 - Santhome,Santhome,சாந்தோம்,DERIVED - nearest/containing OpenStreetMap locality; not an official ward name,வார்டு 125 - சாந்தோம்,வார்டு 125 - சாந்தோம்,ta,DERIVED - Tamil name of the matched OpenStreetMap locality. Not an official GCC ward name in Tamil.,Greater Chennai Corporation,பெருநகர சென்னை மாநகராட்சி,Teynampet,IX,Central,DERIVED — centroid-in-polygon join to GCC zones 2022,,,,,UNAVAILABLE,Polygon,80.274439,13.036605,482
115,Ward 115 - Royapettah,Royapettah,ராயப்பேட்டை,DERIVED - nearest/containing OpenStreetMap locality; not an official ward name,வார்டு 115 - ராயப்பேட்டை,வார்டு 115 - ராயப்பேட்டை,ta,DERIVED - Tamil name of the matched OpenStreetMap locality. Not an official GCC ward name in Tamil.,Greater Chennai Corporation,பெருநகர சென்னை மாநகராட்சி,Teynampet,IX,Central,DERIVED — centroid-in-polygon join to GCC zones 2022,,,,,UNAVAILABLE,Polygon,80.267509,13.056068,315
116,Ward 116 - Mattankuppam,Mattankuppam,மட்டன்குப்பம்,DERIVED - nearest/containing OpenStreetMap locality; not an official ward name,வார்டு 116 - மட்டன்குப்பம்,வார்டு 116 - மட்டன்குப்பம்,ta,DERIVED - Tamil name of the matched OpenStreetMap locality. Not an official GCC ward name in Tamil.,Greater Chennai Corporation,பெருநகர சென்னை மாநகராட்சி,Teynampet,IX,Central,DERIVED — centroid-in-polygon join to GCC zones 2022,,,,,UNAVAILABLE,MultiPolygon,80.277223,13.054461,216
114,Ward 114 - Triplicane,Triplicane,திருவல்லிக்கேணி,DERIVED - nearest/containing OpenStreetMap locality; not an official ward name,வார்டு 114 - திருவல்லிக்கேணி,வார்டு 114 - திருவல்லிக்கேணி,ta,DERIVED - Tamil name of the matched OpenStreetMap locality. Not an official GCC ward name in Tamil.,Greater Chennai Corporation,பெருநகர சென்னை மாநகராட்சி,Teynampet,IX,Central,DERIVED — centroid-in-polygon join to GCC zones 2022,,,,,UNAVAILABLE,Polygon,80.27462,13.062079,400
124,Ward 124 - Mylapore,Mylapore,மயிலாப்பூர்,DERIVED - nearest/containing OpenStreetMap locality; not an official ward name,வார்டு 124 - மயிலாப்பூர்,வார்டு 124 - மயிலாப்பூர்,ta,DERIVED - Tamil name of the matched OpenStreetMap locality. Not an official GCC ward name in Tamil.,Greater Chennai Corporation,பெருநகர சென்னை மாநகராட்சி,Teynampet,IX,Central,DERIVED — centroid-in-polygon join to GCC zones 2022,,,,,UNAVAILABLE,Polygon,80.269698,13.034251,639
113,Ward 113 - Gemini,Gemini,ஜெமினி,DERIVED - nearest/containing OpenStreetMap locality; not an official ward name,வார்டு 113 - ஜெமினி,வார்டு 113 - ஜெமினி,ta,DERIVED - Tamil name of the matched OpenStreetMap locality. Not an official GCC ward name in Tamil.,Greater Chennai Corporation,பெருநகர சென்னை மாநகராட்சி,Teynampet,IX,Central,DERIVED — centroid-in-polygon join to GCC zones 2022,,,,,UNAVAILABLE,Polygon,80.241213,13.054984,388
123,Ward 123 - Alwarpet,Alwarpet,ஆழ்வார்பேட்டை,DERIVED - nearest/containing OpenStreetMap locality; not an official ward name,வார்டு 123 - ஆழ்வார்பேட்டை,வார்டு 123 - ஆழ்வார்பேட்டை,ta,DERIVED - Tamil name of the matched OpenStreetMap locality. Not an official GCC ward name in Tamil.,Greater Chennai Corporation,பெருநகர சென்னை மாநகராட்சி,Teynampet,IX,Central,DERIVED — centroid-in-polygon join to GCC zones 2022,,,,,UNAVAILABLE,Polygon,80.256215,13.03436,660
112,Ward 112 - Trustpuram,Trustpuram,டிரஸ்ட் புரம்,DERIVED - nearest/containing OpenStreetMap locality; not an official ward name,வார்டு 112 - டிரஸ்ட் புரம்,வார்டு 112 - டிரஸ்ட் புரம்,ta,DERIVED - Tamil name of the matched OpenStreetMap locality. Not an official GCC ward name in Tamil.,Greater Chennai Corporation,பெருநகர சென்னை மாநகராட்சி,Teynampet,IX,Central,DERIVED — centroid-in-polygon join to GCC zones 2022,,,,,UNAVAILABLE,Polygon,80.224173,13.057332,528
122,Ward 122 - Nandanam,Nandanam,நந்தனம்,DERIVED - nearest/containing OpenStreetMap locality; not an official ward name,வார்டு 122 - நந்தனம்,வார்டு 122 - நந்தனம்,ta,DERIVED - Tamil name of the matched OpenStreetMap locality. Not an official GCC ward name in Tamil.,Greater Chennai Corporation,பெருநகர சென்னை மாநகராட்சி,Teynampet,IX,Central,DERIVED — centroid-in-polygon join to GCC zones 2022,,,,,UNAVAILABLE,Polygon,80.248896,13.0314,474
121,Ward 121 - CMWSSB Division 121,CMWSSB Division 121,,DERIVED - nearest/containing OpenStreetMap locality; not an official ward name,,,,,Greater Chennai Corporation,பெருநகர சென்னை மாநகராட்சி,Teynampet,IX,Central,DERIVED — centroid-in-polygon join to GCC zones 2022,,,,,UNAVAILABLE,Polygon,80.271798,13.044088,534
120,Ward 120 - Lloyds Colony,Lloyds Colony,,DERIVED - nearest/containing OpenStreetMap locality; not an official ward name,,,,,Greater Chennai Corporation,பெருநகர சென்னை மாநகராட்சி,Teynampet,IX,Central,DERIVED — centroid-in-polygon join to GCC zones 2022,,,,,UNAVAILABLE,Polygon,80.275847,13.049124,286
109,Ward 109 - CMWSSB Division 112,CMWSSB Division 112,,DERIVED - nearest/containing OpenStreetMap locality; not an official ward name,,,,,Greater Chennai Corporation,பெருநகர சென்னை மாநகராட்சி,Teynampet,IX,Central,DERIVED — centroid-in-polygon join to GCC zones 2022,,,,,UNAVAILABLE,Polygon,80.226394,13.064165,410
119,Ward 119 - CIT Colony,CIT Colony,சி ஐ டி காலனி,DERIVED - nearest/containing OpenStreetMap locality; not an official ward name,வார்டு 119 - சி ஐ டி காலனி,வார்டு 119 - சி ஐ டி காலனி,ta,DERIVED - Tamil name of the matched OpenStreetMap locality. Not an official GCC ward name in Tamil.,Greater Chennai Corporation,பெருநகர சென்னை மாநகராட்சி,Teynampet,IX,Central,DERIVED — centroid-in-polygon join to GCC zones 2022,,,,,UNAVAILABLE,Polygon,80.263609,13.046097,660
118,Ward 118 - Teynampet,Teynampet,தேனாம்பேட்டை,DERIVED - nearest/containing OpenStreetMap locality; not an official ward name,வார்டு 118 - தேனாம்பேட்டை,வார்டு 118 - தேனாம்பேட்டை,ta,DERIVED - Tamil name of the matched OpenStreetMap locality. Not an official GCC ward name in Tamil.,Greater Chennai Corporation,பெருநகர சென்னை மாநகராட்சி,Teynampet,IX,Central,DERIVED — centroid-in-polygon join to GCC zones 2022,,,,,UNAVAILABLE,Polygon,80.253595,13.045339,188
117,Ward 117 - CMWSSB Division 117,CMWSSB Division 117,,DERIVED - nearest/containing OpenStreetMap locality; not an official ward name,,,,,Greater Chennai Corporation,பெருநகர சென்னை மாநகராட்சி,Kodambakkam,X,Central,DERIVED — centroid-in-polygon join to GCC zones 2022,,,,,UNAVAILABLE,Polygon,80.242652,13.042938,647
108,Ward 108 - Chetpet,Chetpet,சேத்துப்பட்டு,DERIVED - nearest/containing OpenStreetMap locality; not an official ward name,வார்டு 108 - சேத்துப்பட்டு,வார்டு 108 - சேத்துப்பட்டு,ta,DERIVED - Tamil name of the matched OpenStreetMap locality. Not an official GCC ward name in Tamil.,Greater Chennai Corporation,பெருநகர சென்னை மாநகராட்சி,Anna Nagar,VIII,Central,DERIVED — centroid-in-polygon join to GCC zones 2022,,,,,UNAVAILABLE,Polygon,80.238623,13.071892,267
106,Ward 106 - NGO Colony,NGO Colony,என்.ஜி.ஓ. காலனி,DERIVED - nearest/containing OpenStreetMap locality; not an official ward name,வார்டு 106 - என்.ஜி.ஓ. காலனி,வார்டு 106 - என்.ஜி.ஓ. காலனி,ta,DERIVED - Tamil name of the matched OpenStreetMap locality. Not an official GCC ward name in Tamil.,Greater Chennai Corporation,பெருநகர சென்னை மாநகராட்சி,Anna Nagar,VIII,Central,DERIVED — centroid-in-polygon join to GCC zones 2022,,,,,UNAVAILABLE,Polygon,80.2175,13.062805,500
107,Ward 107 - Aminjikarai,Aminjikarai,அமைந்தக்கரை,DERIVED - nearest/containing OpenStreetMap locality; not an official ward name,வார்டு 107 - அமைந்தக்கரை,வார்டு 107 - அமைந்தக்கரை,ta,DERIVED - Tamil name of the matched OpenStreetMap locality. Not an official GCC ward name in Tamil.,Greater Chennai Corporation,பெருநகர சென்னை மாநகராட்சி,Anna Nagar,VIII,Central,DERIVED — centroid-in-polygon join to GCC zones 2022,,,,,UNAVAILABLE,Polygon,80.221633,13.069827,460
105,Ward 105 - Arumbakkam,Arumbakkam,அரும்பாக்கம்,DERIVED - nearest/containing OpenStreetMap locality; not an official ward name,வார்டு 105 - அரும்பாக்கம்,வார்டு 105 - அரும்பாக்கம்,ta,DERIVED - Tamil name of the matched OpenStreetMap locality. Not an official GCC ward name in Tamil.,Greater Chennai Corporation,பெருநகர சென்னை மாநகராட்சி,Anna Nagar,VIII,Central,DERIVED — centroid-in-polygon join to GCC zones 2022,,,,,UNAVAILABLE,Polygon,80.210469,13.070549,574
104,Ward 104 - Malar Colony,Malar Colony,,DERIVED - nearest/containing OpenStreetMap locality; not an official ward name,,,,,Greater Chennai Corporation,பெருநகர சென்னை மாநகராட்சி,Anna Nagar,VIII,Central,DERIVED — centroid-in-polygon join to GCC zones 2022,,,,,UNAVAILABLE,Polygon,80.201066,13.089567,536
99,Ward 99 - CMWSSB Division 104,CMWSSB Division 104,,DERIVED - nearest/containing OpenStreetMap locality; not an official ward name,,,,,Greater Chennai Corporation,பெருநகர சென்னை மாநகராட்சி,Anna Nagar,VIII,Central,DERIVED — centroid-in-polygon join to GCC zones 2022,,,,,UNAVAILABLE,Polygon,80.251015,13.08449,460
98,Ward 98 - Ayanavaram,Ayanavaram,அயனாவரம்,DERIVED - nearest/containing OpenStreetMap locality; not an official ward name,வார்டு 98 - அயனாவரம்,வார்டு 98 - அயனாவரம்,ta,DERIVED - Tamil name of the matched OpenStreetMap locality. Not an official GCC ward name in Tamil.,Greater Chennai Corporation,பெருநகர சென்னை மாநகராட்சி,Anna Nagar,VIII,Central,DERIVED — centroid-in-polygon join to GCC zones 2022,,,,,UNAVAILABLE,Polygon,80.236492,13.092796,579
100,Ward 100 - Kilpauk,Kilpauk,கீழ்ப்பாக்கம்,DERIVED - nearest/containing OpenStreetMap locality; not an official ward name,வார்டு 100 - கீழ்ப்பாக்கம்,வார்டு 100 - கீழ்ப்பாக்கம்,ta,DERIVED - Tamil name of the matched OpenStreetMap locality. Not an official GCC ward name in Tamil.,Greater Chennai Corporation,பெருநகர சென்னை மாநகராட்சி,Anna Nagar,VIII,Central,DERIVED — centroid-in-polygon join to GCC zones 2022,,,,,UNAVAILABLE,Polygon,80.237643,13.082502,380
97,Ward 97 - CMWSSB Division 97,CMWSSB Division 97,,DERIVED - nearest/containing OpenStreetMap locality; not an official ward name,,,,,Greater Chennai Corporation,பெருநகர சென்னை மாநகராட்சி,Anna Nagar,VIII,Central,DERIVED — centroid-in-polygon join to GCC zones 2022,,,,,UNAVAILABLE,Polygon,80.228985,13.095046,382
101,Ward 101 - Shenoy Nagar,Shenoy Nagar,ஷெனாய் நகர்,DERIVED - nearest/containing OpenStreetMap locality; not an official ward name,வார்டு 101 - ஷெனாய் நகர்,வார்டு 101 - ஷெனாய் நகர்,ta,DERIVED - Tamil name of the matched OpenStreetMap locality. Not an official GCC ward name in Tamil.,Greater Chennai Corporation,பெருநகர சென்னை மாநகராட்சி,Anna Nagar,VIII,Central,DERIVED — centroid-in-polygon join to GCC zones 2022,,,,,UNAVAILABLE,MultiPolygon,80.227525,13.082186,521
96,Ward 96 - ICF Colony,ICF Colony,,DERIVED - nearest/containing OpenStreetMap locality; not an official ward name,,,,,Greater Chennai Corporation,பெருநகர சென்னை மாநகராட்சி,Anna Nagar,VIII,Central,DERIVED — centroid-in-polygon join to GCC zones 2022,,,,,UNAVAILABLE,MultiPolygon,80.227386,13.100328,440
102,Ward 102 - Anna Nagar,Anna Nagar,அண்ணா நகர்,DERIVED - nearest/containing OpenStreetMap locality; not an official ward name,வார்டு 102 - அண்ணா நகர்,வார்டு 102 - அண்ணா நகர்,ta,DERIVED - Tamil name of the matched OpenStreetMap locality. Not an official GCC ward name in Tamil.,Greater Chennai Corporation,பெருநகர சென்னை மாநகராட்சி,Anna Nagar,VIII,Central,DERIVED — centroid-in-polygon join to GCC zones 2022,,,,,UNAVAILABLE,Polygon,80.220041,13.085513,513
95,Ward 95 - CMWSSB Division 95,CMWSSB Division 95,,DERIVED - nearest/containing OpenStreetMap locality; not an official ward name,,,,,Greater Chennai Corporation,பெருநகர சென்னை மாநகராட்சி,Anna Nagar,VIII,Central,DERIVED — centroid-in-polygon join to GCC zones 2022,,,,,UNAVAILABLE,Polygon,80.204127,13.102209,580
103,Ward 103 - Nagerkoyil Sudalaimuthu Krishnan Nagar,Nagerkoyil Sudalaimuthu Krishnan Nagar,,DERIVED - nearest/containing OpenStreetMap locality; not an official ward name,,,,,Greater Chennai Corporation,பெருநகர சென்னை மாநகராட்சி,Anna Nagar,VIII,Central,DERIVED — centroid-in-polygon join to GCC zones 2022,,,,,UNAVAILABLE,Polygon,80.211558,13.082344,556
94,Ward 94 - SIDCO Nagar,SIDCO Nagar,சிட்கோ நகர்,DERIVED - nearest/containing OpenStreetMap locality; not an official ward name,வார்டு 94 - சிட்கோ நகர்,வார்டு 94 - சிட்கோ நகர்,ta,DERIVED - Tamil name of the matched OpenStreetMap locality. Not an official GCC ward name in Tamil.,Greater Chennai Corporation,பெருநகர சென்னை மாநகராட்சி,Anna Nagar,VIII,Central,DERIVED — centroid-in-polygon join to GCC zones 2022,,,,,UNAVAILABLE,Polygon,80.20252,13.110408,696
15,Ward 15 - Edayanchavadi,Edayanchavadi,இடையன்சாவடி,DERIVED - nearest/containing OpenStreetMap locality; not an official ward name,வார்டு 15 - இடையன்சாவடி,வார்டு 15 - இடையன்சாவடி,ta,DERIVED - Tamil name of the matched OpenStreetMap locality. Not an official GCC ward name in Tamil.,Greater Chennai Corporation,பெருநகர சென்னை மாநகராட்சி,Manali,II,North,DERIVED — centroid-in-polygon join to GCC zones 2022,,,,,UNAVAILABLE,Polygon,80.282018,13.218051,96
16,Ward 16 - Saidayankuppam,Saidayankuppam,சைதையாங்குப்பம்,DERIVED - nearest/containing OpenStreetMap locality; not an official ward name,வார்டு 16 - சைதையாங்குப்பம்,வார்டு 16 - சைதையாங்குப்பம்,ta,DERIVED - Tamil name of the matched OpenStreetMap locality. Not an official GCC ward name in Tamil.,Greater Chennai Corporation,பெருநகர சென்னை மாநகராட்சி,Manali,II,North,DERIVED — centroid-in-polygon join to GCC zones 2022,,,,,UNAVAILABLE,Polygon,80.272592,13.195304,76
17,Ward 17 - Kosappur,Kosappur,கொசப்பூர்,DERIVED - nearest/containing OpenStreetMap locality; not an official ward name,வார்டு 17 - கொசப்பூர்,வார்டு 17 - கொசப்பூர்,ta,DERIVED - Tamil name of the matched OpenStreetMap locality. Not an official GCC ward name in Tamil.,Greater Chennai Corporation,பெருநகர சென்னை மாநகராட்சி,Manali,II,North,DERIVED — centroid-in-polygon join to GCC zones 2022,,,,,UNAVAILABLE,Polygon,80.227206,13.182647,283
18,Ward 18 - CMWSSB Division 21,CMWSSB Division 21,,DERIVED - nearest/containing OpenStreetMap locality; not an official ward name,,,,,Greater Chennai Corporation,பெருநகர சென்னை மாநகராட்சி,Manali,II,North,DERIVED — centroid-in-polygon join to GCC zones 2022,,,,,UNAVAILABLE,Polygon,80.261179,13.175644,131
19,Ward 19 - Mathur,Mathur,மாத்தூர்,DERIVED - nearest/containing OpenStreetMap locality; not an official ward name,வார்டு 19 - மாத்தூர்,வார்டு 19 - மாத்தூர்,ta,DERIVED - Tamil name of the matched OpenStreetMap locality. Not an official GCC ward name in Tamil.,Greater Chennai Corporation,பெருநகர சென்னை மாநகராட்சி,Manali,II,North,DERIVED — centroid-in-polygon join to GCC zones 2022,,,,,UNAVAILABLE,Polygon,80.235601,13.170128,192
20,Ward 20 - CMWSSB Division 20,CMWSSB Division 20,,DERIVED - nearest/containing OpenStreetMap locality; not an official ward name,,,,,Greater Chennai Corporation,பெருநகர சென்னை மாநகராட்சி,Manali,II,North,DERIVED — centroid-in-polygon join to GCC zones 2022,,,,,UNAVAILABLE,Polygon,80.260165,13.164528,279
21,Ward 21 - Manali,Manali,மணலி,DERIVED - nearest/containing OpenStreetMap locality; not an official ward name,வார்டு 21 - மணலி,வார்டு 21 - மணலி,ta,DERIVED - Tamil name of the matched OpenStreetMap locality. Not an official GCC ward name in Tamil.,Greater Chennai Corporation,பெருநகர சென்னை மாநகராட்சி,Manali,II,North,DERIVED — centroid-in-polygon join to GCC zones 2022,,,,,UNAVAILABLE,Polygon,80.261788,13.165653,189
79,Ward 79 - Oragadam,Oragadam,ஒரகடம்,DERIVED - nearest/containing OpenStreetMap locality; not an official ward name,வார்டு 79 - ஒரகடம்,வார்டு 79 - ஒரகடம்,ta,DERIVED - Tamil name of the matched OpenStreetMap locality. Not an official GCC ward name in Tamil.,Greater Chennai Corporation,பெருநகர சென்னை மாநகராட்சி,Ambattur,VII,Central,DERIVED — centroid-in-polygon join to GCC zones 2022,,,,,UNAVAILABLE,Polygon,80.153039,13.129286,204
80,Ward 80 - Banu Nagar,Banu Nagar,பானு நகர்,DERIVED - nearest/containing OpenStreetMap locality; not an official ward name,வார்டு 80 - பானு நகர்,வார்டு 80 - பானு நகர்,ta,DERIVED - Tamil name of the matched OpenStreetMap locality. Not an official GCC ward name in Tamil.,Greater Chennai Corporation,பெருநகர சென்னை மாநகராட்சி,Ambattur,VII,Central,DERIVED — centroid-in-polygon join to GCC zones 2022,,,,,UNAVAILABLE,Polygon,80.159697,13.129333,282
81,Ward 81 - Ambattur,Ambattur,ಅಂಬತ್ತೂರು,DERIVED - nearest/containing OpenStreetMap locality; not an official ward name,வார்டு 81 - ಅಂಬತ್ತೂರು,வார்டு 81 - ಅಂಬತ್ತೂರು,ta,DERIVED - Tamil name of the matched OpenStreetMap locality. Not an official GCC ward name in Tamil.,Greater Chennai Corporation,பெருநகர சென்னை மாநகராட்சி,Ambattur,VII,Central,DERIVED — centroid-in-polygon join to GCC zones 2022,,,,,UNAVAILABLE,Polygon,80.152044,13.120751,162
82,Ward 82 - Pari Nagar,Pari Nagar,பாரி நகர்,DERIVED - nearest/containing OpenStreetMap locality; not an official ward name,வார்டு 82 - பாரி நகர்,வார்டு 82 - பாரி நகர்,ta,DERIVED - Tamil name of the matched OpenStreetMap locality. Not an official GCC ward name in Tamil.,Greater Chennai Corporation,பெருநகர சென்னை மாநகராட்சி,Ambattur,VII,Central,DERIVED — centroid-in-polygon join to GCC zones 2022,,,,,UNAVAILABLE,Polygon,80.170312,13.126838,505
83,Ward 83 - CMWSSB Division 83,CMWSSB Division 83,,DERIVED - nearest/containing OpenStreetMap locality; not an official ward name,,,,,Greater Chennai Corporation,பெருநகர சென்னை மாநகராட்சி,Ambattur,VII,Central,DERIVED — centroid-in-polygon join to GCC zones 2022,,,,,UNAVAILABLE,Polygon,80.189228,13.121667,577
84,Ward 84 - Korattur,Korattur,கொரட்டூர்,DERIVED - nearest/containing OpenStreetMap locality; not an official ward name,வார்டு 84 - கொரட்டூர்,வார்டு 84 - கொரட்டூர்,ta,DERIVED - Tamil name of the matched OpenStreetMap locality. Not an official GCC ward name in Tamil.,Greater Chennai Corporation,பெருநகர சென்னை மாநகராட்சி,Ambattur,VII,Central,DERIVED — centroid-in-polygon join to GCC zones 2022,,,,,UNAVAILABLE,Polygon,80.179732,13.105707,199
85,Ward 85 - CMWSSB Division 85,CMWSSB Division 85,,DERIVED - nearest/containing OpenStreetMap locality; not an official ward name,,,,,Greater Chennai Corporation,பெருநகர சென்னை மாநகராட்சி,Ambattur,VII,Central,DERIVED — centroid-in-polygon join to GCC zones 2022,,,,,UNAVAILABLE,Polygon,80.158398,13.104252,168
86,Ward 86 - Athipet,Athipet,ஆதிபேட்டை,DERIVED - nearest/containing OpenStreetMap locality; not an official ward name,வார்டு 86 - ஆதிபேட்டை,வார்டு 86 - ஆதிபேட்டை,ta,DERIVED - Tamil name of the matched OpenStreetMap locality. Not an official GCC ward name in Tamil.,Greater Chennai Corporation,பெருநகர சென்னை மாநகராட்சி,Ambattur,VII,Central,DERIVED — centroid-in-polygon join to GCC zones 2022,,,,,UNAVAILABLE,Polygon,80.160017,13.09519,254
87,Ward 87 - CMWSSB Division 89,CMWSSB Division 89,,DERIVED - nearest/containing OpenStreetMap locality; not an official ward name,,,,,Greater Chennai Corporation,பெருநகர சென்னை மாநகராட்சி,Ambattur,VII,Central,DERIVED — centroid-in-polygon join to GCC zones 2022,,,,,UNAVAILABLE,Polygon,80.184078,13.099243,256
88,Ward 88 - Padi,Padi,பாடி,DERIVED - nearest/containing OpenStreetMap locality; not an official ward name,வார்டு 88 - பாடி,வார்டு 88 - பாடி,ta,DERIVED - Tamil name of the matched OpenStreetMap locality. Not an official GCC ward name in Tamil.,Greater Chennai Corporation,பெருநகர சென்னை மாநகராட்சி,Ambattur,VII,Central,DERIVED — centroid-in-polygon join to GCC zones 2022,,,,,UNAVAILABLE,Polygon,80.19193,13.096465,220
90,Ward 90 - CMWSSB Division 93,CMWSSB Division 93,,DERIVED - nearest/containing OpenStreetMap locality; not an official ward name,,,,,Greater Chennai Corporation,பெருநகர சென்னை மாநகராட்சி,Ambattur,VII,Central,DERIVED — centroid-in-polygon join to GCC zones 2022,,,,,UNAVAILABLE,Polygon,80.195811,13.085115,229
92,Ward 92 - CMWSSB Division 92,CMWSSB Division 92,,DERIVED - nearest/containing OpenStreetMap locality; not an official ward name,,,,,Greater Chennai Corporation,பெருநகர சென்னை மாநகராட்சி,Ambattur,VII,Central,DERIVED — centroid-in-polygon join to GCC zones 2022,,,,,UNAVAILABLE,Polygon,80.177263,13.082083,207
93,Ward 93 - Mogappair East,Mogappair East,முகப்பேர் கிழக்கு,DERIVED - nearest/containing OpenStreetMap locality; not an official ward name,வார்டு 93 - முகப்பேர் கிழக்கு,வார்டு 93 - முகப்பேர் கிழக்கு,ta,DERIVED - Tamil name of the matched OpenStreetMap locality. Not an official GCC ward name in Tamil.,Greater Chennai Corporation,பெருநகர சென்னை மாநகராட்சி,Ambattur,VII,Central,DERIVED — centroid-in-polygon join to GCC zones 2022,,,,,UNAVAILABLE,Polygon,80.187212,13.076856,266
89,Ward 89 - Collector Nagar,Collector Nagar,,DERIVED - nearest/containing OpenStreetMap locality; not an official ward name,,,,,Greater Chennai Corporation,பெருநகர சென்னை மாநகராட்சி,Ambattur,VII,Central,DERIVED — centroid-in-polygon join to GCC zones 2022,,,,,UNAVAILABLE,Polygon,80.184688,13.090734,152
162,Ward 162 - Thillai Ganga Nagar,Thillai Ganga Nagar,தில்லை கங்கா நகர்,DERIVED - nearest/containing OpenStreetMap locality; not an official ward name,வார்டு 162 - தில்லை கங்கா நகர்,வார்டு 162 - தில்லை கங்கா நகர்,ta,DERIVED - Tamil name of the matched OpenStreetMap locality. Not an official GCC ward name in Tamil.,Greater Chennai Corporation,பெருநகர சென்னை மாநகராட்சி,Alandur,XII,South,DERIVED — centroid-in-polygon join to GCC zones 2022,,,,,UNAVAILABLE,Polygon,80.190604,12.991222,136
163,Ward 163 - CMWSSB Division 163,CMWSSB Division 163,,DERIVED - nearest/containing OpenStreetMap locality; not an official ward name,,,,,Greater Chennai Corporation,பெருநகர சென்னை மாநகராட்சி,Alandur,XII,South,DERIVED — centroid-in-polygon join to GCC zones 2022,,,,,UNAVAILABLE,Polygon,80.202032,12.988879,194
164,Ward 164 - Pazhavanthangal,Pazhavanthangal,பழவந்தாங்கல்,DERIVED - nearest/containing OpenStreetMap locality; not an official ward name,வார்டு 164 - பழவந்தாங்கல்,வார்டு 164 - பழவந்தாங்கல்,ta,DERIVED - Tamil name of the matched OpenStreetMap locality. Not an official GCC ward name in Tamil.,Greater Chennai Corporation,பெருநகர சென்னை மாநகராட்சி,Alandur,XII,South,DERIVED — centroid-in-polygon join to GCC zones 2022,,,,,UNAVAILABLE,Polygon,80.187184,12.983261,249
158,Ward 158 - Nandambakkam,Nandambakkam,நந்தம்பாக்கம்,DERIVED - nearest/containing OpenStreetMap locality; not an official ward name,வார்டு 158 - நந்தம்பாக்கம்,வார்டு 158 - நந்தம்பாக்கம்,ta,DERIVED - Tamil name of the matched OpenStreetMap locality. Not an official GCC ward name in Tamil.,Greater Chennai Corporation,பெருநகர சென்னை மாநகராட்சி,Alandur,XII,South,DERIVED — centroid-in-polygon join to GCC zones 2022,,,,,UNAVAILABLE,Polygon,80.190971,13.019955,127
159,Ward 159 - Meenambakkam,Meenambakkam,மீனம்பாக்கம்,DERIVED - nearest/containing OpenStreetMap locality; not an official ward name,வார்டு 159 - மீனம்பாக்கம்,வார்டு 159 - மீனம்பாக்கம்,ta,DERIVED - Tamil name of the matched OpenStreetMap locality. Not an official GCC ward name in Tamil.,Greater Chennai Corporation,பெருநகர சென்னை மாநகராட்சி,Alandur,XII,South,DERIVED — centroid-in-polygon join to GCC zones 2022,,,,,UNAVAILABLE,Polygon,80.170887,12.991407,54
167,Ward 167 - Nanganallur,Nanganallur,நங்கநல்லூர்,DERIVED - nearest/containing OpenStreetMap locality; not an official ward name,வார்டு 167 - நங்கநல்லூர்,வார்டு 167 - நங்கநல்லூர்,ta,DERIVED - Tamil name of the matched OpenStreetMap locality. Not an official GCC ward name in Tamil.,Greater Chennai Corporation,பெருநகர சென்னை மாநகராட்சி,Alandur,XII,South,DERIVED — centroid-in-polygon join to GCC zones 2022,,,,,UNAVAILABLE,Polygon,80.186036,12.975273,378
157,Ward 157 - Manapakkam,Manapakkam,மணப்பாக்கம்,DERIVED - nearest/containing OpenStreetMap locality; not an official ward name,வார்டு 157 - மணப்பாக்கம்,வார்டு 157 - மணப்பாக்கம்,ta,DERIVED - Tamil name of the matched OpenStreetMap locality. Not an official GCC ward name in Tamil.,Greater Chennai Corporation,பெருநகர சென்னை மாநகராட்சி,Alandur,XII,South,DERIVED — centroid-in-polygon join to GCC zones 2022,,,,,UNAVAILABLE,Polygon,80.173705,13.016835,199
166,Ward 166 - Moovarasampettai,Moovarasampettai,மூவரசம்பேட்டை,DERIVED - nearest/containing OpenStreetMap locality; not an official ward name,வார்டு 166 - மூவரசம்பேட்டை,வார்டு 166 - மூவரசம்பேட்டை,ta,DERIVED - Tamil name of the matched OpenStreetMap locality. Not an official GCC ward name in Tamil.,Greater Chennai Corporation,பெருநகர சென்னை மாநகராட்சி,Alandur,XII,South,DERIVED — centroid-in-polygon join to GCC zones 2022,,,,,UNAVAILABLE,Polygon,80.181786,12.977334,176
165,Ward 165 - CMWSSB Division 165,CMWSSB Division 165,,DERIVED - nearest/containing OpenStreetMap locality; not an official ward name,,,,,Greater Chennai Corporation,பெருநகர சென்னை மாநகராட்சி,Alandur,XII,South,DERIVED — centroid-in-polygon join to GCC zones 2022,,,,,UNAVAILABLE,Polygon,80.202998,12.980872,331
156,Ward 156 - Mugalivakkam,Mugalivakkam,முகலிவாக்கம்,DERIVED - nearest/containing OpenStreetMap locality; not an official ward name,வார்டு 156 - முகலிவாக்கம்,வார்டு 156 - முகலிவாக்கம்,ta,DERIVED - Tamil name of the matched OpenStreetMap locality. Not an official GCC ward name in Tamil.,Greater Chennai Corporation,பெருநகர சென்னை மாநகராட்சி,Alandur,XII,South,DERIVED — centroid-in-polygon join to GCC zones 2022,,,,,UNAVAILABLE,Polygon,80.159452,13.019797,237
67,Ward 67 - CMWSSB Division 68,CMWSSB Division 68,,DERIVED - nearest/containing OpenStreetMap locality; not an official ward name,,,,,Greater Chennai Corporation,பெருநகர சென்னை மாநகராட்சி,Thiru-Vika-Nagar,VI,Central,DERIVED — centroid-in-polygon join to GCC zones 2022,,,,,UNAVAILABLE,Polygon,80.235937,13.11886,685
70,Ward 70 - CMWSSB Division 69,CMWSSB Division 69,,DERIVED - nearest/containing OpenStreetMap locality; not an official ward name,,,,,Greater Chennai Corporation,பெருநகர சென்னை மாநகராட்சி,Thiru-Vika-Nagar,VI,Central,DERIVED — centroid-in-polygon join to GCC zones 2022,,,,,UNAVAILABLE,Polygon,80.241271,13.111415,1077
71,Ward 71 - Perambur,Perambur,பெரம்பூர்,DERIVED - nearest/containing OpenStreetMap locality; not an official ward name,வார்டு 71 - பெரம்பூர்,வார்டு 71 - பெரம்பூர்,ta,DERIVED - Tamil name of the matched OpenStreetMap locality. Not an official GCC ward name in Tamil.,Greater Chennai Corporation,பெருநகர சென்னை மாநகராட்சி,Thiru-Vika-Nagar,VI,Central,DERIVED — centroid-in-polygon join to GCC zones 2022,,,,,UNAVAILABLE,Polygon,80.250404,13.108687,691
74,Ward 74 - Otteri,Otteri,ஓட்டேரி,DERIVED - nearest/containing OpenStreetMap locality; not an official ward name,வார்டு 74 - ஓட்டேரி,வார்டு 74 - ஓட்டேரி,ta,DERIVED - Tamil name of the matched OpenStreetMap locality. Not an official GCC ward name in Tamil.,Greater Chennai Corporation,பெருநகர சென்னை மாநகராட்சி,Thiru-Vika-Nagar,VI,Central,DERIVED — centroid-in-polygon join to GCC zones 2022,,,,,UNAVAILABLE,Polygon,80.245346,13.101286,529
77,Ward 77 - CMWSSB Division 77,CMWSSB Division 77,,DERIVED - nearest/containing OpenStreetMap locality; not an official ward name,,,,,Greater Chennai Corporation,பெருநகர சென்னை மாநகராட்சி,Thiru-Vika-Nagar,VI,Central,DERIVED — centroid-in-polygon join to GCC zones 2022,,,,,UNAVAILABLE,Polygon,80.265028,13.096509,566
69,Ward 69 - GKM Colony,GKM Colony,,DERIVED - nearest/containing OpenStreetMap locality; not an official ward name,,,,,Greater Chennai Corporation,பெருநகர சென்னை மாநகராட்சி,Thiru-Vika-Nagar,VI,Central,DERIVED — centroid-in-polygon join to GCC zones 2022,,,,,UNAVAILABLE,Polygon,80.228349,13.112116,723
78,Ward 78 - Purasawalkam,Purasawalkam,புரசைவாக்கம்,DERIVED - nearest/containing OpenStreetMap locality; not an official ward name,வார்டு 78 - புரசைவாக்கம்,வார்டு 78 - புரசைவாக்கம்,ta,DERIVED - Tamil name of the matched OpenStreetMap locality. Not an official GCC ward name in Tamil.,Greater Chennai Corporation,பெருநகர சென்னை மாநகராட்சி,Thiru-Vika-Nagar,VI,Central,DERIVED — centroid-in-polygon join to GCC zones 2022,,,,,UNAVAILABLE,Polygon,80.259136,13.091723,1418
76,Ward 76 - Poompuhar Nagar,Poompuhar Nagar,பூம்புகார் நகர்,DERIVED - nearest/containing OpenStreetMap locality; not an official ward name,வார்டு 76 - பூம்புகார் நகர்,வார்டு 76 - பூம்புகார் நகர்,ta,DERIVED - Tamil name of the matched OpenStreetMap locality. Not an official GCC ward name in Tamil.,Greater Chennai Corporation,பெருநகர சென்னை மாநகராட்சி,Thiru-Vika-Nagar,VI,Central,DERIVED — centroid-in-polygon join to GCC zones 2022,,,,,UNAVAILABLE,Polygon,80.257264,13.093995,1009
64,Ward 64 - Villivakkam,Villivakkam,வில்லிவாக்கம்,DERIVED - nearest/containing OpenStreetMap locality; not an official ward name,வார்டு 64 - வில்லிவாக்கம்,வார்டு 64 - வில்லிவாக்கம்,ta,DERIVED - Tamil name of the matched OpenStreetMap locality. Not an official GCC ward name in Tamil.,Greater Chennai Corporation,பெருநகர சென்னை மாநகராட்சி,Thiru-Vika-Nagar,VI,Central,DERIVED — centroid-in-polygon join to GCC zones 2022,,,,,UNAVAILABLE,Polygon,80.207745,13.121323,954
75,Ward 75 - Secretariat Colony,Secretariat Colony,,DERIVED - nearest/containing OpenStreetMap locality; not an official ward name,,,,,Greater Chennai Corporation,பெருநகர சென்னை மாநகராட்சி,Thiru-Vika-Nagar,VI,Central,DERIVED — centroid-in-polygon join to GCC zones 2022,,,,,UNAVAILABLE,Polygon,80.244617,13.093794,344
66,Ward 66 - CMWSSB Division 66,CMWSSB Division 66,,DERIVED - nearest/containing OpenStreetMap locality; not an official ward name,,,,,Greater Chennai Corporation,பெருநகர சென்னை மாநகராட்சி,Thiru-Vika-Nagar,VI,Central,DERIVED — centroid-in-polygon join to GCC zones 2022,,,,,UNAVAILABLE,Polygon,80.226524,13.126007,272
73,Ward 73 - CMWSSB Division 73,CMWSSB Division 73,,DERIVED - nearest/containing OpenStreetMap locality; not an official ward name,,,,,Greater Chennai Corporation,பெருநகர சென்னை மாநகராட்சி,Thiru-Vika-Nagar,VI,Central,DERIVED — centroid-in-polygon join to GCC zones 2022,,,,,UNAVAILABLE,Polygon,80.262423,13.099262,442
72,Ward 72 - Pulianthope,Pulianthope,புளியந்தோப்பு,DERIVED - nearest/containing OpenStreetMap locality; not an official ward name,வார்டு 72 - புளியந்தோப்பு,வார்டு 72 - புளியந்தோப்பு,ta,DERIVED - Tamil name of the matched OpenStreetMap locality. Not an official GCC ward name in Tamil.,Greater Chennai Corporation,பெருநகர சென்னை மாநகராட்சி,Thiru-Vika-Nagar,VI,Central,DERIVED — centroid-in-polygon join to GCC zones 2022,,,,,UNAVAILABLE,Polygon,80.264758,13.103764,286
147,Ward 147 - Maduravoyal,Maduravoyal,மதுரவாயல்,DERIVED - nearest/containing OpenStreetMap locality; not an official ward name,வார்டு 147 - மதுரவாயல்,வார்டு 147 - மதுரவாயல்,ta,DERIVED - Tamil name of the matched OpenStreetMap locality. Not an official GCC ward name in Tamil.,Greater Chennai Corporation,பெருநகர சென்னை மாநகராட்சி,Valasarvakkam,XI,South,DERIVED — centroid-in-polygon join to GCC zones 2022,,,,,UNAVAILABLE,Polygon,80.170076,13.055013,264
148,Ward 148 - CMWSSB Division 148,CMWSSB Division 148,,DERIVED - nearest/containing OpenStreetMap locality; not an official ward name,,,,,Greater Chennai Corporation,பெருநகர சென்னை மாநகராட்சி,Valasarvakkam,XI,South,DERIVED — centroid-in-polygon join to GCC zones 2022,,,,,UNAVAILABLE,Polygon,80.183462,13.057773,261
149,Ward 149 - Alwarthirunagar,Alwarthirunagar,ஆழ்வார்திருநகர்,DERIVED - nearest/containing OpenStreetMap locality; not an official ward name,வார்டு 149 - ஆழ்வார்திருநகர்,வார்டு 149 - ஆழ்வார்திருநகர்,ta,DERIVED - Tamil name of the matched OpenStreetMap locality. Not an official GCC ward name in Tamil.,Greater Chennai Corporation,பெருநகர சென்னை மாநகராட்சி,Valasarvakkam,XI,South,DERIVED — centroid-in-polygon join to GCC zones 2022,,,,,UNAVAILABLE,Polygon,80.181155,13.049533,258
150,Ward 150 - Vanagaram,Vanagaram,வானகரம்,DERIVED - nearest/containing OpenStreetMap locality; not an official ward name,வார்டு 150 - வானகரம்,வார்டு 150 - வானகரம்,ta,DERIVED - Tamil name of the matched OpenStreetMap locality. Not an official GCC ward name in Tamil.,Greater Chennai Corporation,பெருநகர சென்னை மாநகராட்சி,,,,DERIVED — centroid-in-polygon join to GCC zones 2022,,,,,UNAVAILABLE,Polygon,80.152689,13.044366,378
151,Ward 151 - CMWSSB Division 151,CMWSSB Division 151,,DERIVED - nearest/containing OpenStreetMap locality; not an official ward name,,,,,Greater Chennai Corporation,பெருநகர சென்னை மாநகராட்சி,Valasarvakkam,XI,South,DERIVED — centroid-in-polygon join to GCC zones 2022,,,,,UNAVAILABLE,Polygon,80.16859,13.034007,139
146,Ward 146 - Alapakkam,Alapakkam,அலப்பாக்கம்,DERIVED - nearest/containing OpenStreetMap locality; not an official ward name,வார்டு 146 - அலப்பாக்கம்,வார்டு 146 - அலப்பாக்கம்,ta,DERIVED - Tamil name of the matched OpenStreetMap locality. Not an official GCC ward name in Tamil.,Greater Chennai Corporation,பெருநகர சென்னை மாநகராட்சி,Valasarvakkam,XI,South,DERIVED — centroid-in-polygon join to GCC zones 2022,,,,,UNAVAILABLE,Polygon,80.164253,13.056342,166
155,Ward 155 - Nesapakkam,Nesapakkam,நெசப்பாக்கம்,DERIVED - nearest/containing OpenStreetMap locality; not an official ward name,வார்டு 155 - நெசப்பாக்கம்,வார்டு 155 - நெசப்பாக்கம்,ta,DERIVED - Tamil name of the matched OpenStreetMap locality. Not an official GCC ward name in Tamil.,Greater Chennai Corporation,பெருநகர சென்னை மாநகராட்சி,Valasarvakkam,XI,South,DERIVED — centroid-in-polygon join to GCC zones 2022,,,,,UNAVAILABLE,Polygon,80.184174,13.030109,170
145,Ward 145 - Nerkundram,Nerkundram,நெற்குன்றம்,DERIVED - nearest/containing OpenStreetMap locality; not an official ward name,வார்டு 145 - நெற்குன்றம்,வார்டு 145 - நெற்குன்றம்,ta,DERIVED - Tamil name of the matched OpenStreetMap locality. Not an official GCC ward name in Tamil.,Greater Chennai Corporation,பெருநகர சென்னை மாநகராட்சி,Valasarvakkam,XI,South,DERIVED — centroid-in-polygon join to GCC zones 2022,,,,,UNAVAILABLE,Polygon,80.187665,13.064509,220
154,Ward 154 - Ramapuram,Ramapuram,ராமாவரம்,DERIVED - nearest/containing OpenStreetMap locality; not an official ward name,வார்டு 154 - ராமாவரம்,வார்டு 154 - ராமாவரம்,ta,DERIVED - Tamil name of the matched OpenStreetMap locality. Not an official GCC ward name in Tamil.,Greater Chennai Corporation,பெருநகர சென்னை மாநகராட்சி,Valasarvakkam,XI,South,DERIVED — centroid-in-polygon join to GCC zones 2022,,,,,UNAVAILABLE,Polygon,80.176815,13.029905,186
144,Ward 144 - CMWSSB Division 144,CMWSSB Division 144,,DERIVED - nearest/containing OpenStreetMap locality; not an official ward name,,,,,Greater Chennai Corporation,பெருநகர சென்னை மாநகராட்சி,Valasarvakkam,XI,South,DERIVED — centroid-in-polygon join to GCC zones 2022,,,,,UNAVAILABLE,Polygon,80.173453,13.062252,208
153,Ward 153 - Porur,Porur,போரூர்,DERIVED - nearest/containing OpenStreetMap locality; not an official ward name,வார்டு 153 - போரூர்,வார்டு 153 - போரூர்,ta,DERIVED - Tamil name of the matched OpenStreetMap locality. Not an official GCC ward name in Tamil.,Greater Chennai Corporation,பெருநகர சென்னை மாநகராட்சி,Valasarvakkam,XI,South,DERIVED — centroid-in-polygon join to GCC zones 2022,,,,,UNAVAILABLE,Polygon,80.157914,13.026859,107
152,Ward 152 - Valasaravakkam,Valasaravakkam,வளசரவாக்கம்,DERIVED - nearest/containing OpenStreetMap locality; not an official ward name,வார்டு 152 - வளசரவாக்கம்,வார்டு 152 - வளசரவாக்கம்,ta,DERIVED - Tamil name of the matched OpenStreetMap locality. Not an official GCC ward name in Tamil.,Greater Chennai Corporation,பெருநகர சென்னை மாநகராட்சி,Valasarvakkam,XI,South,DERIVED — centroid-in-polygon join to GCC zones 2022,,,,,UNAVAILABLE,Polygon,80.1791,13.04193,202
49,Ward 49 - Old Washermanpet,Old Washermanpet,பழைய வண்ணாரப்பேட்டை,DERIVED - nearest/containing OpenStreetMap locality; not an official ward name,வார்டு 49 - பழைய வண்ணாரப்பேட்டை,வார்டு 49 - பழைய வண்ணாரப்பேட்டை,ta,DERIVED - Tamil name of the matched OpenStreetMap locality. Not an official GCC ward name in Tamil.,Greater Chennai Corporation,பெருநகர சென்னை மாநகராட்சி,Royapuram,V,North,DERIVED — centroid-in-polygon join to GCC zones 2022,,,,,UNAVAILABLE,Polygon,80.289297,13.118308,374
50,Ward 50 - Royapuram,Royapuram,ராயபுரம்,DERIVED - nearest/containing OpenStreetMap locality; not an official ward name,வார்டு 50 - ராயபுரம்,வார்டு 50 - ராயபுரம்,ta,DERIVED - Tamil name of the matched OpenStreetMap locality. Not an official GCC ward name in Tamil.,Greater Chennai Corporation,பெருநகர சென்னை மாநகராட்சி,Royapuram,V,North,DERIVED — centroid-in-polygon join to GCC zones 2022,,,,,UNAVAILABLE,MultiPolygon,80.294462,13.113023,206
52,Ward 52 - CMWSSB Division 52,CMWSSB Division 52,,DERIVED - nearest/containing OpenStreetMap locality; not an official ward name,,,,,Greater Chennai Corporation,பெருநகர சென்னை மாநகராட்சி,Royapuram,V,North,DERIVED — centroid-in-polygon join to GCC zones 2022,,,,,UNAVAILABLE,Polygon,80.284467,13.109828,726
54,Ward 54 - Vallalar Nagar,Vallalar Nagar,வள்ளலார் நகர்,DERIVED - nearest/containing OpenStreetMap locality; not an official ward name,வார்டு 54 - வள்ளலார் நகர்,வார்டு 54 - வள்ளலார் நகர்,ta,DERIVED - Tamil name of the matched OpenStreetMap locality. Not an official GCC ward name in Tamil.,Greater Chennai Corporation,பெருநகர சென்னை மாநகராட்சி,Royapuram,V,North,DERIVED — centroid-in-polygon join to GCC zones 2022,,,,,UNAVAILABLE,Polygon,80.27719,13.098871,251
55,Ward 55 - CMWSSB Division 55,CMWSSB Division 55,,DERIVED - nearest/containing OpenStreetMap locality; not an official ward name,,,,,Greater Chennai Corporation,பெருநகர சென்னை மாநகராட்சி,Royapuram,V,North,DERIVED — centroid-in-polygon join to GCC zones 2022,,,,,UNAVAILABLE,Polygon,80.282847,13.098604,207
56,Ward 56 - CMWSSB Division 56,CMWSSB Division 56,,DERIVED - nearest/containing OpenStreetMap locality; not an official ward name,,,,,Greater Chennai Corporation,பெருநகர சென்னை மாநகராட்சி,Royapuram,V,North,DERIVED — centroid-in-polygon join to GCC zones 2022,,,,,UNAVAILABLE,Polygon,80.286009,13.100132,111
57,Ward 57 - George Town,George Town,முத்தியால்பேட்டை,DERIVED - nearest/containing OpenStreetMap locality; not an official ward name,வார்டு 57 - முத்தியால்பேட்டை,வார்டு 57 - முத்தியால்பேட்டை,ta,DERIVED - Tamil name of the matched OpenStreetMap locality. Not an official GCC ward name in Tamil.,Greater Chennai Corporation,பெருநகர சென்னை மாநகராட்சி,Royapuram,V,North,DERIVED — centroid-in-polygon join to GCC zones 2022,,,,,UNAVAILABLE,Polygon,80.279119,13.091816,514
58,Ward 58 - Park Town,Park Town,பூங்கா நகர,DERIVED - nearest/containing OpenStreetMap locality; not an official ward name,வார்டு 58 - பூங்கா நகர,வார்டு 58 - பூங்கா நகர,ta,DERIVED - Tamil name of the matched OpenStreetMap locality. Not an official GCC ward name in Tamil.,Greater Chennai Corporation,பெருநகர சென்னை மாநகராட்சி,Royapuram,V,North,DERIVED — centroid-in-polygon join to GCC zones 2022,,,,,UNAVAILABLE,Polygon,80.262579,13.087759,767
59,Ward 59 - Island Grounds,Island Grounds,தீவு மைதானம்,DERIVED - nearest/containing OpenStreetMap locality; not an official ward name,வார்டு 59 - தீவு மைதானம்,வார்டு 59 - தீவு மைதானம்,ta,DERIVED - Tamil name of the matched OpenStreetMap locality. Not an official GCC ward name in Tamil.,Greater Chennai Corporation,பெருநகர சென்னை மாநகராட்சி,Royapuram,V,North,DERIVED — centroid-in-polygon join to GCC zones 2022,,,,,UNAVAILABLE,Polygon,80.276442,13.078985,694
60,Ward 60 - Mannady,Mannady,மண்ணடி,DERIVED - nearest/containing OpenStreetMap locality; not an official ward name,வார்டு 60 - மண்ணடி,வார்டு 60 - மண்ணடி,ta,DERIVED - Tamil name of the matched OpenStreetMap locality. Not an official GCC ward name in Tamil.,Greater Chennai Corporation,பெருநகர சென்னை மாநகராட்சி,Royapuram,V,North,DERIVED — centroid-in-polygon join to GCC zones 2022,,,,,UNAVAILABLE,Polygon,80.28711,13.089657,213
61,Ward 61 - Egmore,Egmore,எழும்பூர்,DERIVED - nearest/containing OpenStreetMap locality; not an official ward name,வார்டு 61 - எழும்பூர்,வார்டு 61 - எழும்பூர்,ta,DERIVED - Tamil name of the matched OpenStreetMap locality. Not an official GCC ward name in Tamil.,Greater Chennai Corporation,பெருநகர சென்னை மாநகராட்சி,Royapuram,V,North,DERIVED — centroid-in-polygon join to GCC zones 2022,,,,,UNAVAILABLE,Polygon,80.261075,13.072032,363
62,Ward 62 - Chintadripet,Chintadripet,சிந்தாதிரிப்பேட்டை,DERIVED - nearest/containing OpenStreetMap locality; not an official ward name,வார்டு 62 - சிந்தாதிரிப்பேட்டை,வார்டு 62 - சிந்தாதிரிப்பேட்டை,ta,DERIVED - Tamil name of the matched OpenStreetMap locality. Not an official GCC ward name in Tamil.,Greater Chennai Corporation,பெருநகர சென்னை மாநகராட்சி,Royapuram,V,North,DERIVED — centroid-in-polygon join to GCC zones 2022,,,,,UNAVAILABLE,Polygon,80.271028,13.073461,207
63,Ward 63 - Pudupet,Pudupet,,DERIVED - nearest/containing OpenStreetMap locality; not an official ward name,,,,,Greater Chennai Corporation,பெருநகர சென்னை மாநகராட்சி,Royapuram,V,North,DERIVED — centroid-in-polygon join to GCC zones 2022,,,,,UNAVAILABLE,Polygon,80.267787,13.064688,627
51,Ward 51 - CMWSSB Division 51,CMWSSB Division 51,,DERIVED - nearest/containing OpenStreetMap locality; not an official ward name,,,,,Greater Chennai Corporation,பெருநகர சென்னை மாநகராட்சி,Royapuram,V,North,DERIVED — centroid-in-polygon join to GCC zones 2022,,,,,UNAVAILABLE,Polygon,80.285695,13.111977,442
53,Ward 53 - Moolakothalam,Moolakothalam,,DERIVED - nearest/containing OpenStreetMap locality; not an official ward name,,,,,Greater Chennai Corporation,பெருநகர சென்னை மாநகராட்சி,Royapuram,V,North,DERIVED — centroid-in-polygon join to GCC zones 2022,,,,,UNAVAILABLE,Polygon,80.276526,13.108052,347
130,Ward 130 - CMWSSB Division 130,CMWSSB Division 130,,DERIVED - nearest/containing OpenStreetMap locality; not an official ward name,,,,,Greater Chennai Corporation,பெருநகர சென்னை மாநகராட்சி,Kodambakkam,X,Central,DERIVED — centroid-in-polygon join to GCC zones 2022,,,,,UNAVAILABLE,Polygon,80.212382,13.053369,647
136,Ward 136 - CMWSSB Division 131,CMWSSB Division 131,,DERIVED - nearest/containing OpenStreetMap locality; not an official ward name,,,,,Greater Chennai Corporation,பெருநகர சென்னை மாநகராட்சி,Kodambakkam,X,Central,DERIVED — centroid-in-polygon join to GCC zones 2022,,,,,UNAVAILABLE,Polygon,80.205022,13.043515,219
131,Ward 131 - CMWSSB Division 133,CMWSSB Division 133,,DERIVED - nearest/containing OpenStreetMap locality; not an official ward name,,,,,Greater Chennai Corporation,பெருநகர சென்னை மாநகராட்சி,Kodambakkam,X,Central,DERIVED — centroid-in-polygon join to GCC zones 2022,,,,,UNAVAILABLE,Polygon,80.218653,13.042027,596
132,Ward 132 - Kodambakkam,Kodambakkam,கோடம்பாக்கம்,DERIVED - nearest/containing OpenStreetMap locality; not an official ward name,வார்டு 132 - கோடம்பாக்கம்,வார்டு 132 - கோடம்பாக்கம்,ta,DERIVED - Tamil name of the matched OpenStreetMap locality. Not an official GCC ward name in Tamil.,Greater Chennai Corporation,பெருநகர சென்னை மாநகராட்சி,Kodambakkam,X,Central,DERIVED — centroid-in-polygon join to GCC zones 2022,,,,,UNAVAILABLE,Polygon,80.224756,13.049024,331
129,Ward 129 - SBI Colony,SBI Colony,எஸ்பிஐ காலனி,DERIVED - nearest/containing OpenStreetMap locality; not an official ward name,வார்டு 129 - எஸ்பிஐ காலனி,வார்டு 129 - எஸ்பிஐ காலனி,ta,DERIVED - Tamil name of the matched OpenStreetMap locality. Not an official GCC ward name in Tamil.,Greater Chennai Corporation,பெருநகர சென்னை மாநகராட்சி,Kodambakkam,X,Central,DERIVED — centroid-in-polygon join to GCC zones 2022,,,,,UNAVAILABLE,Polygon,80.203965,13.053368,632
138,Ward 138 - Jafferkhanpet,Jafferkhanpet,ஜாஃபர்கான் பேட்டை,DERIVED - nearest/containing OpenStreetMap locality; not an official ward name,வார்டு 138 - ஜாஃபர்கான் பேட்டை,வார்டு 138 - ஜாஃபர்கான் பேட்டை,ta,DERIVED - Tamil name of the matched OpenStreetMap locality. Not an official GCC ward name in Tamil.,Greater Chennai Corporation,பெருநகர சென்னை மாநகராட்சி,Kodambakkam,X,Central,DERIVED — centroid-in-polygon join to GCC zones 2022,,,,,UNAVAILABLE,Polygon,80.205966,13.031732,294
128,Ward 128 - Virugambakkam,Virugambakkam,விருகம்பாக்கம்,DERIVED - nearest/containing OpenStreetMap locality; not an official ward name,வார்டு 128 - விருகம்பாக்கம்,வார்டு 128 - விருகம்பாக்கம்,ta,DERIVED - Tamil name of the matched OpenStreetMap locality. Not an official GCC ward name in Tamil.,Greater Chennai Corporation,பெருநகர சென்னை மாநகராட்சி,Kodambakkam,X,Central,DERIVED — centroid-in-polygon join to GCC zones 2022,,,,,UNAVAILABLE,Polygon,80.191843,13.050105,361
137,Ward 137 - K.K.Nagar,K.K.Nagar,,DERIVED - nearest/containing OpenStreetMap locality; not an official ward name,,,,,Greater Chennai Corporation,பெருநகர சென்னை மாநகராட்சி,Kodambakkam,X,Central,DERIVED — centroid-in-polygon join to GCC zones 2022,,,,,UNAVAILABLE,Polygon,80.193063,13.038729,262
127,Ward 127 - Saligramam,Saligramam,சாலிகிராமம்,DERIVED - nearest/containing OpenStreetMap locality; not an official ward name,வார்டு 127 - சாலிகிராமம்,வார்டு 127 - சாலிகிராமம்,ta,DERIVED - Tamil name of the matched OpenStreetMap locality. Not an official GCC ward name in Tamil.,Greater Chennai Corporation,பெருநகர சென்னை மாநகராட்சி,Kodambakkam,X,Central,DERIVED — centroid-in-polygon join to GCC zones 2022,,,,,UNAVAILABLE,Polygon,80.197926,13.066864,699
133,Ward 133 - CMWSSB Division 136,CMWSSB Division 136,,DERIVED - nearest/containing OpenStreetMap locality; not an official ward name,,,,,Greater Chennai Corporation,பெருநகர சென்னை மாநகராட்சி,Kodambakkam,X,Central,DERIVED — centroid-in-polygon join to GCC zones 2022,,,,,UNAVAILABLE,Polygon,80.237371,13.041385,423
141,Ward 141 - Kannammapet,Kannammapet,கண்ணம்மாபேட்டை,DERIVED - nearest/containing OpenStreetMap locality; not an official ward name,வார்டு 141 - கண்ணம்மாபேட்டை,வார்டு 141 - கண்ணம்மாபேட்டை,ta,DERIVED - Tamil name of the matched OpenStreetMap locality. Not an official GCC ward name in Tamil.,Greater Chennai Corporation,பெருநகர சென்னை மாநகராட்சி,Kodambakkam,X,Central,DERIVED — centroid-in-polygon join to GCC zones 2022,,,,,UNAVAILABLE,Polygon,80.232282,13.03122,415
134,Ward 134 - West Mambalam,West Mambalam,மேற்கு மாம்பலம்,DERIVED - nearest/containing OpenStreetMap locality; not an official ward name,வார்டு 134 - மேற்கு மாம்பலம்,வார்டு 134 - மேற்கு மாம்பலம்,ta,DERIVED - Tamil name of the matched OpenStreetMap locality. Not an official GCC ward name in Tamil.,Greater Chennai Corporation,பெருநகர சென்னை மாநகராட்சி,Kodambakkam,X,Central,DERIVED — centroid-in-polygon join to GCC zones 2022,,,,,UNAVAILABLE,Polygon,80.222762,13.039598,316
41,Ward 41 - CMWSSB Division 41,CMWSSB Division 41,,DERIVED - nearest/containing OpenStreetMap locality; not an official ward name,,,,,Greater Chennai Corporation,பெருநகர சென்னை மாநகராட்சி,Tondiarpet,ZONE - IV,North,DERIVED — centroid-in-polygon join to GCC zones 2022,,,,,UNAVAILABLE,Polygon,80.276268,13.123978,168
40,Ward 40 - Tondiarpet,Tondiarpet,தண்டையார்பேட்டை,DERIVED - nearest/containing OpenStreetMap locality; not an official ward name,வார்டு 40 - தண்டையார்பேட்டை,வார்டு 40 - தண்டையார்பேட்டை,ta,DERIVED - Tamil name of the matched OpenStreetMap locality. Not an official GCC ward name in Tamil.,Greater Chennai Corporation,பெருநகர சென்னை மாநகராட்சி,Tondiarpet,ZONE - IV,North,DERIVED — centroid-in-polygon join to GCC zones 2022,,,,,UNAVAILABLE,Polygon,80.289591,13.136162,239
38,Ward 38 - CMWSSB Division 38,CMWSSB Division 38,,DERIVED - nearest/containing OpenStreetMap locality; not an official ward name,,,,,Greater Chennai Corporation,பெருநகர சென்னை மாநகராட்சி,Tondiarpet,ZONE - IV,North,DERIVED — centroid-in-polygon join to GCC zones 2022,,,,,UNAVAILABLE,Polygon,80.280646,13.135279,115
37,Ward 37 - Kannadasan Nagar,Kannadasan Nagar,கண்ணதாசன் நகர்,DERIVED - nearest/containing OpenStreetMap locality; not an official ward name,வார்டு 37 - கண்ணதாசன் நகர்,வார்டு 37 - கண்ணதாசன் நகர்,ta,DERIVED - Tamil name of the matched OpenStreetMap locality. Not an official GCC ward name in Tamil.,Greater Chennai Corporation,பெருநகர சென்னை மாநகராட்சி,Tondiarpet,ZONE - IV,North,DERIVED — centroid-in-polygon join to GCC zones 2022,,,,,UNAVAILABLE,Polygon,80.268382,13.128235,301
44,Ward 44 - CMWSSB Division 44,CMWSSB Division 44,,DERIVED - nearest/containing OpenStreetMap locality; not an official ward name,,,,,Greater Chennai Corporation,பெருநகர சென்னை மாநகராட்சி,Tondiarpet,ZONE - IV,North,DERIVED — centroid-in-polygon join to GCC zones 2022,,,,,UNAVAILABLE,Polygon,80.248871,13.11719,473
48,Ward 48 - Washermanpet,Washermanpet,வண்ணாரப்பேட்டை,DERIVED - nearest/containing OpenStreetMap locality; not an official ward name,வார்டு 48 - வண்ணாரப்பேட்டை,வார்டு 48 - வண்ணாரப்பேட்டை,ta,DERIVED - Tamil name of the matched OpenStreetMap locality. Not an official GCC ward name in Tamil.,Greater Chennai Corporation,பெருநகர சென்னை மாநகராட்சி,Tondiarpet,ZONE - IV,North,DERIVED — centroid-in-polygon join to GCC zones 2022,,,,,UNAVAILABLE,Polygon,80.28216,13.115438,476
42,Ward 42 - Korukkupet,Korukkupet,கோருக்குப்பெட்டை,DERIVED - nearest/containing OpenStreetMap locality; not an official ward name,வார்டு 42 - கோருக்குப்பெட்டை,வார்டு 42 - கோருக்குப்பெட்டை,ta,DERIVED - Tamil name of the matched OpenStreetMap locality. Not an official GCC ward name in Tamil.,Greater Chennai Corporation,பெருநகர சென்னை மாநகராட்சி,Tondiarpet,ZONE - IV,North,DERIVED — centroid-in-polygon join to GCC zones 2022,,,,,UNAVAILABLE,Polygon,80.283117,13.118923,325
47,Ward 47 - CMWSSB Division 47,CMWSSB Division 47,,DERIVED - nearest/containing OpenStreetMap locality; not an official ward name,,,,,Greater Chennai Corporation,பெருநகர சென்னை மாநகராட்சி,Tondiarpet,ZONE - IV,North,DERIVED — centroid-in-polygon join to GCC zones 2022,,,,,UNAVAILABLE,Polygon,80.27476,13.119012,213
45,Ward 45 - Vyasarpadi,Vyasarpadi,வியாசர்பாடி,DERIVED - nearest/containing OpenStreetMap locality; not an official ward name,வார்டு 45 - வியாசர்பாடி,வார்டு 45 - வியாசர்பாடி,ta,DERIVED - Tamil name of the matched OpenStreetMap locality. Not an official GCC ward name in Tamil.,Greater Chennai Corporation,பெருநகர சென்னை மாநகராட்சி,Tondiarpet,ZONE - IV,North,DERIVED — centroid-in-polygon join to GCC zones 2022,,,,,UNAVAILABLE,Polygon,80.255243,13.114746,336
46,Ward 46 - Basin Bridge,Basin Bridge,பேசின் பிரிட்ஜ்,DERIVED - nearest/containing OpenStreetMap locality; not an official ward name,வார்டு 46 - பேசின் பிரிட்ஜ்,வார்டு 46 - பேசின் பிரிட்ஜ்,ta,DERIVED - Tamil name of the matched OpenStreetMap locality. Not an official GCC ward name in Tamil.,Greater Chennai Corporation,பெருநகர சென்னை மாநகராட்சி,Tondiarpet,ZONE - IV,North,DERIVED — centroid-in-polygon join to GCC zones 2022,,,,,UNAVAILABLE,Polygon,80.265408,13.115374,186
34,Ward 34 - Chinna Kodungaiyur,Chinna Kodungaiyur,சின்ன கொடுங்கையூர்,DERIVED - nearest/containing OpenStreetMap locality; not an official ward name,வார்டு 34 - சின்ன கொடுங்கையூர்,வார்டு 34 - சின்ன கொடுங்கையூர்,ta,DERIVED - Tamil name of the matched OpenStreetMap locality. Not an official GCC ward name in Tamil.,Greater Chennai Corporation,பெருநகர சென்னை மாநகராட்சி,Tondiarpet,ZONE - IV,North,DERIVED — centroid-in-polygon join to GCC zones 2022,,,,,UNAVAILABLE,Polygon,80.246511,13.13779,478
35,Ward 35 - Kodungaiyur,Kodungaiyur,கொடுங்கையூர்,DERIVED - nearest/containing OpenStreetMap locality; not an official ward name,வார்டு 35 - கொடுங்கையூர்,வார்டு 35 - கொடுங்கையூர்,ta,DERIVED - Tamil name of the matched OpenStreetMap locality. Not an official GCC ward name in Tamil.,Greater Chennai Corporation,பெருநகர சென்னை மாநகராட்சி,Tondiarpet,ZONE - IV,North,DERIVED — centroid-in-polygon join to GCC zones 2022,,,,,UNAVAILABLE,Polygon,80.248187,13.131938,425
36,Ward 36 - CMWSSB Division 36,CMWSSB Division 36,,DERIVED - nearest/containing OpenStreetMap locality; not an official ward name,,,,,Greater Chennai Corporation,பெருநகர சென்னை மாநகராட்சி,Tondiarpet,ZONE - IV,North,DERIVED — centroid-in-polygon join to GCC zones 2022,,,,,UNAVAILABLE,Polygon,80.254289,13.122929,235
1,Ward 1 - Ennore,Ennore,எண்ணூர்,DERIVED - nearest/containing OpenStreetMap locality; not an official ward name,வார்டு 1 - எண்ணூர்,வார்டு 1 - எண்ணூர்,ta,DERIVED - Tamil name of the matched OpenStreetMap locality. Not an official GCC ward name in Tamil.,Greater Chennai Corporation,பெருநகர சென்னை மாநகராட்சி,Thiruvottriyur,I,North,DERIVED — centroid-in-polygon join to GCC zones 2022,,,,,UNAVAILABLE,Polygon,80.323391,13.223042,89
10,Ward 10 - CMWSSB Division 10,CMWSSB Division 10,,DERIVED - nearest/containing OpenStreetMap locality; not an official ward name,,,,,Greater Chennai Corporation,பெருநகர சென்னை மாநகராட்சி,Thiruvottriyur,I,North,DERIVED — centroid-in-polygon join to GCC zones 2022,,,,,UNAVAILABLE,Polygon,80.299588,13.161819,322
11,Ward 11 - Tiruvottiyur,Tiruvottiyur,திருவொற்றியூர்,DERIVED - nearest/containing OpenStreetMap locality; not an official ward name,வார்டு 11 - திருவொற்றியூர்,வார்டு 11 - திருவொற்றியூர்,ta,DERIVED - Tamil name of the matched OpenStreetMap locality. Not an official GCC ward name in Tamil.,Greater Chennai Corporation,பெருநகர சென்னை மாநகராட்சி,Thiruvottriyur,I,North,DERIVED — centroid-in-polygon join to GCC zones 2022,,,,,UNAVAILABLE,Polygon,80.301475,13.15637,228
2,Ward 2 - Kathivakkam,Kathivakkam,கத்திவாக்கம்,DERIVED - nearest/containing OpenStreetMap locality; not an official ward name,வார்டு 2 - கத்திவாக்கம்,வார்டு 2 - கத்திவாக்கம்,ta,DERIVED - Tamil name of the matched OpenStreetMap locality. Not an official GCC ward name in Tamil.,Greater Chennai Corporation,பெருநகர சென்னை மாநகராட்சி,Thiruvottriyur,I,North,DERIVED — centroid-in-polygon join to GCC zones 2022,,,,,UNAVAILABLE,Polygon,80.31979,13.213936,148
3,Ward 3 - Ernavur,Ernavur,எர்ணாவூர்,DERIVED - nearest/containing OpenStreetMap locality; not an official ward name,வார்டு 3 - எர்ணாவூர்,வார்டு 3 - எர்ணாவூர்,ta,DERIVED - Tamil name of the matched OpenStreetMap locality. Not an official GCC ward name in Tamil.,Greater Chennai Corporation,பெருநகர சென்னை மாநகராட்சி,Thiruvottriyur,I,North,DERIVED — centroid-in-polygon join to GCC zones 2022,,,,,UNAVAILABLE,Polygon,80.314888,13.194889,189
5,Ward 5 - Bharathiyar Nagar,Bharathiyar Nagar,பாரதியார் நகர்,DERIVED - nearest/containing OpenStreetMap locality; not an official ward name,வார்டு 5 - பாரதியார் நகர்,வார்டு 5 - பாரதியார் நகர்,ta,DERIVED - Tamil name of the matched OpenStreetMap locality. Not an official GCC ward name in Tamil.,Greater Chennai Corporation,பெருநகர சென்னை மாநகராட்சி,Thiruvottriyur,I,North,DERIVED — centroid-in-polygon join to GCC zones 2022,,,,,UNAVAILABLE,Polygon,80.311423,13.181325,176
7,Ward 7 - Kargil Nagar,Kargil Nagar,,DERIVED - nearest/containing OpenStreetMap locality; not an official ward name,,,,,Greater Chennai Corporation,பெருநகர சென்னை மாநகராட்சி,Thiruvottriyur,I,North,DERIVED — centroid-in-polygon join to GCC zones 2022,,,,,UNAVAILABLE,Polygon,80.286814,13.160474,120
8,Ward 8 - CMWSSB Division 8,CMWSSB Division 8,,DERIVED - nearest/containing OpenStreetMap locality; not an official ward name,,,,,Greater Chennai Corporation,பெருநகர சென்னை மாநகராட்சி,Thiruvottriyur,I,North,DERIVED — centroid-in-polygon join to GCC zones 2022,,,,,UNAVAILABLE,Polygon,80.303268,13.166123,217
9,Ward 9 - CMWSSB Division 9,CMWSSB Division 9,,DERIVED - nearest/containing OpenStreetMap locality; not an official ward name,,,,,Greater Chennai Corporation,பெருநகர சென்னை மாநகராட்சி,Thiruvottriyur,I,North,DERIVED — centroid-in-polygon join to GCC zones 2022,,,,,UNAVAILABLE,Polygon,80.302979,13.162359,265
12,Ward 12 - Kaladipet,Kaladipet,,DERIVED - nearest/containing OpenStreetMap locality; not an official ward name,,,,,Greater Chennai Corporation,பெருநகர சென்னை மாநகராட்சி,Thiruvottriyur,I,North,DERIVED — centroid-in-polygon join to GCC zones 2022,,,,,UNAVAILABLE,Polygon,80.296645,13.151338,201
13,Ward 13 - CMWSSB Division 13,CMWSSB Division 13,,DERIVED - nearest/containing OpenStreetMap locality; not an official ward name,,,,,Greater Chennai Corporation,பெருநகர சென்னை மாநகராட்சி,Thiruvottriyur,I,North,DERIVED — centroid-in-polygon join to GCC zones 2022,,,,,UNAVAILABLE,Polygon,80.294593,13.14831,108
14,Ward 14 - CMWSSB Division 14,CMWSSB Division 14,,DERIVED - nearest/containing OpenStreetMap locality; not an official ward name,,,,,Greater Chennai Corporation,பெருநகர சென்னை மாநகராட்சி,Thiruvottriyur,I,North,DERIVED — centroid-in-polygon join to GCC zones 2022,,,,,UNAVAILABLE,Polygon,80.300134,13.148661,114
27,Ward 27 - Madhavaram Milk Colony,Madhavaram Milk Colony,மாதவரம் பால் காலனி,DERIVED - nearest/containing OpenStreetMap locality; not an official ward name,வார்டு 27 - மாதவரம் பால் காலனி,வார்டு 27 - மாதவரம் பால் காலனி,ta,DERIVED - Tamil name of the matched OpenStreetMap locality. Not an official GCC ward name in Tamil.,Greater Chennai Corporation,பெருநகர சென்னை மாநகராட்சி,Madhavaram,III,North,DERIVED — centroid-in-polygon join to GCC zones 2022,,,,,UNAVAILABLE,Polygon,80.247484,13.156092,165
22,Ward 22 - CMWSSB Division 29,CMWSSB Division 29,,DERIVED - nearest/containing OpenStreetMap locality; not an official ward name,,,,,Greater Chennai Corporation,பெருநகர சென்னை மாநகராட்சி,Madhavaram,III,North,DERIVED — centroid-in-polygon join to GCC zones 2022,,,,,UNAVAILABLE,Polygon,80.261198,13.158101,104
28,Ward 28 - Madhavaram,Madhavaram,மாதவரம்,DERIVED - nearest/containing OpenStreetMap locality; not an official ward name,வார்டு 28 - மாதவரம்,வார்டு 28 - மாதவரம்,ta,DERIVED - Tamil name of the matched OpenStreetMap locality. Not an official GCC ward name in Tamil.,Greater Chennai Corporation,பெருநகர சென்னை மாநகராட்சி,Madhavaram,III,North,DERIVED — centroid-in-polygon join to GCC zones 2022,,,,,UNAVAILABLE,Polygon,80.239138,13.136079,165
29,Ward 29 - CMWSSB Division 33,CMWSSB Division 33,,DERIVED - nearest/containing OpenStreetMap locality; not an official ward name,,,,,Greater Chennai Corporation,பெருநகர சென்னை மாநகராட்சி,Thiru-Vika-Nagar,VI,Central,DERIVED — centroid-in-polygon join to GCC zones 2022,,,,,UNAVAILABLE,Polygon,80.232376,13.126143,368
30,Ward 30 - CMWSSB Division 26,CMWSSB Division 26,,DERIVED - nearest/containing OpenStreetMap locality; not an official ward name,,,,,Greater Chennai Corporation,பெருநகர சென்னை மாநகராட்சி,Madhavaram,III,North,DERIVED — centroid-in-polygon join to GCC zones 2022,,,,,UNAVAILABLE,Polygon,80.216458,13.13518,187
26,Ward 26 - CMWSSB Division 27,CMWSSB Division 27,,DERIVED - nearest/containing OpenStreetMap locality; not an official ward name,,,,,Greater Chennai Corporation,பெருநகர சென்னை மாநகராட்சி,Madhavaram,III,North,DERIVED — centroid-in-polygon join to GCC zones 2022,,,,,UNAVAILABLE,Polygon,80.236796,13.155208,260
25,Ward 25 - CMWSSB Division 30,CMWSSB Division 30,,DERIVED - nearest/containing OpenStreetMap locality; not an official ward name,,,,,Greater Chennai Corporation,பெருநகர சென்னை மாநகராட்சி,Madhavaram,III,North,DERIVED — centroid-in-polygon join to GCC zones 2022,,,,,UNAVAILABLE,MultiPolygon,80.231683,13.149995,268
33,Ward 33 - CMWSSB Division 32,CMWSSB Division 32,,DERIVED - nearest/containing OpenStreetMap locality; not an official ward name,,,,,Greater Chennai Corporation,பெருநகர சென்னை மாநகராட்சி,Madhavaram,III,North,DERIVED — centroid-in-polygon join to GCC zones 2022,,,,,UNAVAILABLE,Polygon,80.207153,13.129826,223
24,Ward 24 - Puzhal,Puzhal,புழல்,DERIVED - nearest/containing OpenStreetMap locality; not an official ward name,வார்டு 24 - புழல்,வார்டு 24 - புழல்,ta,DERIVED - Tamil name of the matched OpenStreetMap locality. Not an official GCC ward name in Tamil.,Greater Chennai Corporation,பெருநகர சென்னை மாநகராட்சி,Madhavaram,III,North,DERIVED — centroid-in-polygon join to GCC zones 2022,,,,,UNAVAILABLE,Polygon,80.208802,13.159358,185
32,Ward 32 - Puthagaram,Puthagaram,புத்தகரம்,DERIVED - nearest/containing OpenStreetMap locality; not an official ward name,வார்டு 32 - புத்தகரம்,வார்டு 32 - புத்தகரம்,ta,DERIVED - Tamil name of the matched OpenStreetMap locality. Not an official GCC ward name in Tamil.,Greater Chennai Corporation,பெருநகர சென்னை மாநகராட்சி,Madhavaram,III,North,DERIVED — centroid-in-polygon join to GCC zones 2022,,,,,UNAVAILABLE,Polygon,80.189584,13.141506,453
23,Ward 23 - CMWSSB Division 22,CMWSSB Division 22,,DERIVED - nearest/containing OpenStreetMap locality; not an official ward name,,,,,Greater Chennai Corporation,பெருநகர சென்னை மாநகராட்சி,Madhavaram,III,North,DERIVED — centroid-in-polygon join to GCC zones 2022,,,,,UNAVAILABLE,Polygon,80.201636,13.169577,254
31,Ward 31 - Kathirvedu,Kathirvedu,கதிர்வேடு,DERIVED - nearest/containing OpenStreetMap locality; not an official ward name,வார்டு 31 - கதிர்வேடு,வார்டு 31 - கதிர்வேடு,ta,DERIVED - Tamil name of the matched OpenStreetMap locality. Not an official GCC ward name in Tamil.,Greater Chennai Corporation,பெருநகர சென்னை மாநகராட்சி,Madhavaram,III,North,DERIVED — centroid-in-polygon join to GCC zones 2022,,,,,UNAVAILABLE,Polygon,80.207065,13.148845,227
142,Ward 142 - Saidapet,Saidapet,சைதாப்பேட்டை,DERIVED - nearest/containing OpenStreetMap locality; not an official ward name,வார்டு 142 - சைதாப்பேட்டை,வார்டு 142 - சைதாப்பேட்டை,ta,DERIVED - Tamil name of the matched OpenStreetMap locality. Not an official GCC ward name in Tamil.,Greater Chennai Corporation,பெருநகர சென்னை மாநகராட்சி,Kodambakkam,X,Central,DERIVED — centroid-in-polygon join to GCC zones 2022,,,,,UNAVAILABLE,Polygon,80.221237,13.022708,407
139,Ward 139 - CMWSSB Division 139,CMWSSB Division 139,,DERIVED - nearest/containing OpenStreetMap locality; not an official ward name,,,,,Greater Chennai Corporation,பெருநகர சென்னை மாநகராட்சி,Kodambakkam,X,Central,DERIVED — centroid-in-polygon join to GCC zones 2022,,,,,UNAVAILABLE,Polygon,80.21557,13.027774,253
140,Ward 140 - West Saidapet,West Saidapet,மேற்கு சைதாப்பேட்டை,DERIVED - nearest/containing OpenStreetMap locality; not an official ward name,வார்டு 140 - மேற்கு சைதாப்பேட்டை,வார்டு 140 - மேற்கு சைதாப்பேட்டை,ta,DERIVED - Tamil name of the matched OpenStreetMap locality. Not an official GCC ward name in Tamil.,Greater Chennai Corporation,பெருநகர சென்னை மாநகராட்சி,Kodambakkam,X,Central,DERIVED — centroid-in-polygon join to GCC zones 2022,,,,,UNAVAILABLE,Polygon,80.221383,13.031337,375
135,Ward 135 - Ashok Nagar,Ashok Nagar,அஷோக் நகர்,DERIVED - nearest/containing OpenStreetMap locality; not an official ward name,வார்டு 135 - அஷோக் நகர்,வார்டு 135 - அஷோக் நகர்,ta,DERIVED - Tamil name of the matched OpenStreetMap locality. Not an official GCC ward name in Tamil.,Greater Chennai Corporation,பெருநகர சென்னை மாநகராட்சி,Kodambakkam,X,Central,DERIVED — centroid-in-polygon join to GCC zones 2022,,,,,UNAVAILABLE,Polygon,80.211533,13.040622,655
188,Ward 188 - Madipakkam,Madipakkam,மடிப்பாக்கம்,DERIVED - nearest/containing OpenStreetMap locality; not an official ward name,வார்டு 188 - மடிப்பாக்கம்,வார்டு 188 - மடிப்பாக்கம்,ta,DERIVED - Tamil name of the matched OpenStreetMap locality. Not an official GCC ward name in Tamil.,Greater Chennai Corporation,பெருநகர சென்னை மாநகராட்சி,Perunkudi,XIV,South,DERIVED — centroid-in-polygon join to GCC zones 2022,,,,,UNAVAILABLE,Polygon,80.198559,12.958843,280
187,Ward 187 - Karthikeyapuram,Karthikeyapuram,,DERIVED - nearest/containing OpenStreetMap locality; not an official ward name,,,,,Greater Chennai Corporation,பெருநகர சென்னை மாநகராட்சி,Perunkudi,XIV,South,DERIVED — centroid-in-polygon join to GCC zones 2022,,,,,UNAVAILABLE,Polygon,80.194842,12.962654,202
4,Ward 4 - CMWSSB Division 4,CMWSSB Division 4,,DERIVED - nearest/containing OpenStreetMap locality; not an official ward name,,,,,Greater Chennai Corporation,பெருநகர சென்னை மாநகராட்சி,Thiruvottriyur,I,North,DERIVED — centroid-in-polygon join to GCC zones 2022,,,,,UNAVAILABLE,Polygon,80.302206,13.180853,99
68,Ward 68 - Periyar Nagar,Periyar Nagar,பெரியார் நகர்,DERIVED - nearest/containing OpenStreetMap locality; not an official ward name,வார்டு 68 - பெரியார் நகர்,வார்டு 68 - பெரியார் நகர்,ta,DERIVED - Tamil name of the matched OpenStreetMap locality. Not an official GCC ward name in Tamil.,Greater Chennai Corporation,பெருநகர சென்னை மாநகராட்சி,Thiru-Vika-Nagar,VI,Central,DERIVED — centroid-in-polygon join to GCC zones 2022,,,,,UNAVAILABLE,Polygon,80.222544,13.115825,718
65,Ward 65 - Rajan Nagar,Rajan Nagar,ராஜன் நகர்,DERIVED - nearest/containing OpenStreetMap locality; not an official ward name,வார்டு 65 - ராஜன் நகர்,வார்டு 65 - ராஜன் நகர்,ta,DERIVED - Tamil name of the matched OpenStreetMap locality. Not an official GCC ward name in Tamil.,Greater Chennai Corporation,பெருநகர சென்னை மாநகராட்சி,Thiru-Vika-Nagar,VI,Central,DERIVED — centroid-in-polygon join to GCC zones 2022,,,,,UNAVAILABLE,Polygon,80.21431,13.119805,719
143,Ward 143 - Nolambur,Nolambur,நொளம்பூர்,DERIVED - nearest/containing OpenStreetMap locality; not an official ward name,வார்டு 143 - நொளம்பூர்,வார்டு 143 - நொளம்பூர்,ta,DERIVED - Tamil name of the matched OpenStreetMap locality. Not an official GCC ward name in Tamil.,Greater Chennai Corporation,பெருநகர சென்னை மாநகராட்சி,Valasarvakkam,XI,South,DERIVED — centroid-in-polygon join to GCC zones 2022,,,,,UNAVAILABLE,Polygon,80.168017,13.077755,257
91,Ward 91 - GingerBread,GingerBread,,DERIVED - nearest/containing OpenStreetMap locality; not an official ward name,,,,,Greater Chennai Corporation,பெருநகர சென்னை மாநகராட்சி,Valasarvakkam,XI,South,DERIVED — centroid-in-polygon join to GCC zones 2022,,,,,UNAVAILABLE,Polygon,80.171613,13.080536,348
6,Ward 6 - CMWSSB Division 6,CMWSSB Division 6,,DERIVED - nearest/containing OpenStreetMap locality; not an official ward name,,,,,Greater Chennai Corporation,பெருநகர சென்னை மாநகராட்சி,Thiruvottriyur,I,North,DERIVED — centroid-in-polygon join to GCC zones 2022,,,,,UNAVAILABLE,Polygon,80.297798,13.174835,146
39,Ward 39 - Jeeva Nagar,Jeeva Nagar,ஜீவா நகர்,DERIVED - nearest/containing OpenStreetMap locality; not an official ward name,வார்டு 39 - ஜீவா நகர்,வார்டு 39 - ஜீவா நகர்,ta,DERIVED - Tamil name of the matched OpenStreetMap locality. Not an official GCC ward name in Tamil.,Greater Chennai Corporation,பெருநகர சென்னை மாநகராட்சி,Tondiarpet,ZONE - IV,North,DERIVED — centroid-in-polygon join to GCC zones 2022,,,,,UNAVAILABLE,Polygon,80.292708,13.139658,254
43,Ward 43 - Tondiarpet,Tondiarpet,தண்டையார்பேட்டை,DERIVED - nearest/containing OpenStreetMap locality; not an official ward name,வார்டு 43 - தண்டையார்பேட்டை,வார்டு 43 - தண்டையார்பேட்டை,ta,DERIVED - Tamil name of the matched OpenStreetMap locality. Not an official GCC ward name in Tamil.,Greater Chennai Corporation,பெருநகர சென்னை மாநகராட்சி,Tondiarpet,ZONE - IV,North,DERIVED — centroid-in-polygon join to GCC zones 2022,,,,,UNAVAILABLE,Polygon,80.293044,13.12392,242
111,Ward 111 - Thousand Lights,Thousand Lights,ஆயிரம் விளக்கு,DERIVED - nearest/containing OpenStreetMap locality; not an official ward name,வார்டு 111 - ஆயிரம் விளக்கு,வார்டு 111 - ஆயிரம் விளக்கு,ta,DERIVED - Tamil name of the matched OpenStreetMap locality. Not an official GCC ward name in Tamil.,Greater Chennai Corporation,பெருநகர சென்னை மாநகராட்சி,Teynampet,IX,Central,DERIVED — centroid-in-polygon join to GCC zones 2022,,,,,UNAVAILABLE,Polygon,80.255493,13.060352,319
110,Ward 110 - Nungambakkam,Nungambakkam,நுங்கம்பாக்கம்,DERIVED - nearest/containing OpenStreetMap locality; not an official ward name,வார்டு 110 - நுங்கம்பாக்கம்,வார்டு 110 - நுங்கம்பாக்கம்,ta,DERIVED - Tamil name of the matched OpenStreetMap locality. Not an official GCC ward name in Tamil.,Greater Chennai Corporation,பெருநகர சென்னை மாநகராட்சி,Teynampet,IX,Central,DERIVED — centroid-in-polygon join to GCC zones 2022,,,,,UNAVAILABLE,Polygon,80.238497,13.05974,324
161,Ward 161 - CMWSSB Division 161,CMWSSB Division 161,,DERIVED - nearest/containing OpenStreetMap locality; not an official ward name,,,,,Greater Chennai Corporation,பெருநகர சென்னை மாநகராட்சி,Alandur,XII,South,DERIVED — centroid-in-polygon join to GCC zones 2022,,,,,UNAVAILABLE,Polygon,80.202031,12.997324,253
160,Ward 160 - CMWSSB Division 160,CMWSSB Division 160,,DERIVED - nearest/containing OpenStreetMap locality; not an official ward name,,,,,Greater Chennai Corporation,பெருநகர சென்னை மாநகராட்சி,Alandur,XII,South,DERIVED — centroid-in-polygon join to GCC zones 2022,,,,,UNAVAILABLE,Polygon,80.204793,13.004213,226
195,Ward 195 - Thuraipakkam,Thuraipakkam,துறைப்பாக்கம்,DERIVED - nearest/containing OpenStreetMap locality; not an official ward name,வார்டு 195 - துறைப்பாக்கம்,வார்டு 195 - துறைப்பாக்கம்,ta,DERIVED - Tamil name of the matched OpenStreetMap locality. Not an official GCC ward name in Tamil.,Greater Chennai Corporation,பெருநகர சென்னை மாநகராட்சி,Shozhanganallur,XV,South,DERIVED — centroid-in-polygon join to GCC zones 2022,,,,,UNAVAILABLE,Polygon,80.233152,12.931606,203
196,Ward 196 - Kannagi Nagar,Kannagi Nagar,கண்ணகி நகர்,DERIVED - nearest/containing OpenStreetMap locality; not an official ward name,வார்டு 196 - கண்ணகி நகர்,வார்டு 196 - கண்ணகி நகர்,ta,DERIVED - Tamil name of the matched OpenStreetMap locality. Not an official GCC ward name in Tamil.,Greater Chennai Corporation,பெருநகர சென்னை மாநகராட்சி,Shozhanganallur,XV,South,DERIVED — centroid-in-polygon join to GCC zones 2022,,,,,UNAVAILABLE,Polygon,80.235893,12.927761,124
