# Per-ward service accessibility for chennai. Scores are weighted formulas, NOT machine learning, and a missing input is reported as UNAVAILABLE rather than scored zero.
ward_no,ward_key,ward_name,corporation,zone,area_km2,facilities_total,facility_density_per_km2,counts_healthcare,counts_education,counts_transport,counts_government,counts_daily_life,nearest_m_healthcare,nearest_m_education,nearest_m_transport,nearest_m_government,nearest_m_daily_life,scores_healthcare,scores_education,scores_transport,scores_government,scores_daily_life,infrastructure_score,median_psf,listings,development_pressure
168,Greater Chennai Corporation|168,Ward 168 - SIDCO Industrial Estate,Greater Chennai Corporation,ADYAR,3.59,28,7.8,0,3,17,4,4,790,296,833,651,842,87,93,72,92,72,83,,,
169,Greater Chennai Corporation|169,Ward 169 - Little Mount,Greater Chennai Corporation,ADYAR,3.79,50,13.2,9,9,16,8,8,530,532,464,195,606,91,87,85,98,80,88,,,
170,Greater Chennai Corporation|170,Ward 170 - Kotturpuram,Greater Chennai Corporation,ADYAR,2.72,21,7.7,1,6,13,0,1,492,119,292,862,708,92,97,90,89,76,89,,,
171,Greater Chennai Corporation|171,Ward 171 - MRC Nagar,Greater Chennai Corporation,ADYAR,3.37,34,10.1,5,7,16,5,1,168,107,93,411,401,97,97,97,95,87,95,,,
174,Greater Chennai Corporation|174,Ward 174 - Besant Nagar,Greater Chennai Corporation,ADYAR,3.49,51,14.6,12,12,15,5,7,307,253,458,325,515,95,94,85,96,83,91,9523,774,5.1
173,Greater Chennai Corporation|173,Ward 173 - Gandhinagar,Greater Chennai Corporation,ADYAR,2.75,54,19.6,14,13,9,1,17,53,202,271,290,66,99,95,91,96,98,96,,,
179,Greater Chennai Corporation|179,Ward 179 - Thiruvanmiyur,Greater Chennai Corporation,ADYAR,1.89,20,10.6,10,3,4,1,2,108,408,507,652,460,98,90,83,92,85,90,,,
178,Greater Chennai Corporation|178,Ward 178 - Taramani,Greater Chennai Corporation,ADYAR,2.72,30,11.0,1,9,19,0,1,898,51,205,1418,584,85,99,93,82,81,88,,,
172,Greater Chennai Corporation|172,Ward 172 - Guindy,Greater Chennai Corporation,ADYAR,8.43,63,7.5,1,7,44,3,8,673,536,215,1053,690,89,87,93,87,77,87,,,
177,Greater Chennai Corporation|177,Ward 177 - Velachery,Greater Chennai Corporation,ADYAR,2.8,75,26.8,20,11,14,5,25,218,129,344,241,231,96,97,89,97,92,94,5988,981,4.3
176,Greater Chennai Corporation|176,Ward 176 - Adambakkam,Greater Chennai Corporation,ADYAR,1.8,15,8.3,3,2,1,0,9,414,373,717,740,439,93,91,76,91,85,87,,,
175,Greater Chennai Corporation|175,Ward 175 - Dr Ambedkar Nagar,Greater Chennai Corporation,ADYAR,1.44,11,7.6,4,2,4,1,0,120,454,626,209,778,98,89,79,97,74,87,,,
180,Greater Chennai Corporation|180,Ward 180 - Devendra Nagar,Greater Chennai Corporation,ADYAR,1.83,28,15.3,4,4,11,6,3,276,270,443,449,304,95,93,85,94,90,91,,,
193,Greater Chennai Corporation|193,Ward 193 - Srinivasa Nagar,Greater Chennai Corporation,SHOZHANGANALLUR,2.1,10,4.8,1,7,0,1,1,182,101,1637,270,269,97,97,45,97,91,85,,,
198,Greater Chennai Corporation|198,Ward 198 - Karapakkam,Greater Chennai Corporation,SHOZHANGANALLUR,6.34,17,2.7,4,5,6,0,2,174,839,284,1158,614,97,79,91,86,80,87,6705,1366,13.0
199,Greater Chennai Corporation|199,Ward 199 - Sholinganallur,Greater Chennai Corporation,SHOZHANGANALLUR,8.13,13,1.6,2,2,5,2,2,621,618,464,1260,782,90,85,85,84,74,84,,,
192,Greater Chennai Corporation|192,Ward 192 - Neelankarai,Greater Chennai Corporation,SHOZHANGANALLUR,2.57,12,4.7,4,1,5,0,2,296,775,207,1411,651,95,81,93,82,78,86,,,
200,Greater Chennai Corporation|200,Ward 200 - CMWSSB Division 200,Greater Chennai Corporation,SHOZHANGANALLUR,7.57,20,2.6,3,16,1,0,0,314,114,644,2833,1964,95,97,79,65,35,74,,,
194,Greater Chennai Corporation|194,Ward 194 - Injambakkam,Greater Chennai Corporation,SHOZHANGANALLUR,4.54,9,2.0,0,3,6,0,0,1579,548,147,2590,1741,74,86,95,68,42,73,,,
197,Greater Chennai Corporation|197,Ward 197 - Uthandi,Greater Chennai Corporation,SHOZHANGANALLUR,8.53,16,1.9,1,4,10,0,1,1373,1132,245,2103,2088,77,72,92,74,30,69,,,
185,Greater Chennai Corporation|185,Ward 185 - Ullagaram,Greater Chennai Corporation,PERUNKUDI,0.95,8,8.4,2,1,1,0,4,397,332,522,575,523,93,92,83,93,83,89,,,
186,Greater Chennai Corporation|186,Ward 186 - Puzhuthivakkam,Greater Chennai Corporation,PERUNKUDI,2.4,25,10.4,3,6,7,1,8,749,245,517,531,734,88,94,83,93,76,87,,,
184,Greater Chennai Corporation|184,Ward 184 - CMWSSB Division 186,Greater Chennai Corporation,PERUNKUDI,3.14,7,2.2,1,3,0,0,3,86,496,1108,1452,117,99,88,63,82,96,86,,,
181,Greater Chennai Corporation|181,Ward 181 - Kottivakkam,Greater Chennai Corporation,PERUNKUDI,1.64,16,9.8,6,2,5,0,3,112,363,433,825,341,98,91,86,90,89,91,,,
183,Greater Chennai Corporation|183,Ward 183 - Palavakkam,Greater Chennai Corporation,PERUNKUDI,1.55,8,5.2,1,2,2,1,2,565,607,385,434,395,91,85,87,95,87,89,,,
189,Greater Chennai Corporation|189,Ward 189 - Narayanapuram,Greater Chennai Corporation,PERUNKUDI,10.27,14,1.4,1,5,6,0,2,909,554,504,2250,893,85,86,83,72,70,79,,,
190,Greater Chennai Corporation|190,Ward 190 - CMWSSB Division 190,Greater Chennai Corporation,PERUNKUDI,3.09,21,6.8,5,5,6,2,3,120,234,179,628,162,98,94,94,92,95,95,,,
191,Greater Chennai Corporation|191,Ward 191 - Jalladampet,Greater Chennai Corporation,PERUNKUDI,4.19,3,0.7,1,1,0,0,1,923,753,861,1042,871,85,81,71,87,71,79,,,
182,Greater Chennai Corporation|182,Ward 182 - Perungudi,Greater Chennai Corporation,PERUNKUDI,3.3,22,6.7,4,6,7,1,4,603,663,585,1595,120,90,83,80,80,96,86,,,
126,Greater Chennai Corporation|126,Ward 126 - Mandaveli,Greater Chennai Corporation,TEYNAMPET,1.05,18,17.2,7,2,5,2,2,242,187,191,277,402,96,95,94,97,87,94,,,
125,Greater Chennai Corporation|125,Ward 125 - Santhome,Greater Chennai Corporation,TEYNAMPET,1.25,11,8.8,1,7,2,1,0,407,249,460,470,522,93,94,85,94,83,90,,,
115,Greater Chennai Corporation|115,Ward 115 - Royapettah,Greater Chennai Corporation,TEYNAMPET,0.86,9,10.5,1,4,4,0,0,673,359,297,609,864,89,91,90,92,71,87,,,
116,Greater Chennai Corporation|116,Ward 116 - Mattankuppam,Greater Chennai Corporation,TEYNAMPET,0.68,13,19.0,3,1,7,1,1,20,403,332,327,391,100,90,89,96,87,92,,,
114,Greater Chennai Corporation|114,Ward 114 - Triplicane,Greater Chennai Corporation,TEYNAMPET,1.77,26,14.7,10,1,9,5,1,15,666,363,585,588,100,83,88,93,80,89,,,
124,Greater Chennai Corporation|124,Ward 124 - Mylapore,Greater Chennai Corporation,TEYNAMPET,1.03,22,21.3,2,3,12,3,2,15,310,133,199,96,100,92,96,98,97,97,,,
113,Greater Chennai Corporation|113,Ward 113 - Gemini,Greater Chennai Corporation,TEYNAMPET,1.7,48,28.2,17,6,9,4,12,446,25,162,266,335,93,99,95,97,89,95,,,
123,Greater Chennai Corporation|123,Ward 123 - Alwarpet,Greater Chennai Corporation,TEYNAMPET,2.26,59,26.2,20,5,22,2,10,93,482,133,123,101,98,88,96,98,97,95,,,
112,Greater Chennai Corporation|112,Ward 112 - Trustpuram,Greater Chennai Corporation,TEYNAMPET,1.07,10,9.4,3,4,1,1,1,553,391,946,496,276,91,90,68,94,91,87,,,
122,Greater Chennai Corporation|122,Ward 122 - Nandanam,Greater Chennai Corporation,TEYNAMPET,1.83,37,20.2,10,3,14,4,6,250,278,237,410,257,96,93,92,95,91,93,,,
121,Greater Chennai Corporation|121,Ward 121 - CMWSSB Division 121,Greater Chennai Corporation,TEYNAMPET,0.93,28,30.1,9,4,14,0,1,107,310,28,918,507,98,92,99,89,83,92,,,
120,Greater Chennai Corporation|120,Ward 120 - Lloyds Colony,Greater Chennai Corporation,TEYNAMPET,0.54,11,20.5,6,2,2,1,0,114,323,317,266,806,98,92,89,97,73,90,,,
109,Greater Chennai Corporation|109,Ward 109 - CMWSSB Division 112,Greater Chennai Corporation,TEYNAMPET,0.95,7,7.4,0,3,2,1,1,354,198,411,307,340,94,95,86,96,89,92,,,
119,Greater Chennai Corporation|119,Ward 119 - CIT Colony,Greater Chennai Corporation,TEYNAMPET,1.4,39,27.9,5,7,21,1,5,210,273,147,658,185,96,93,95,92,94,94,,,
118,Greater Chennai Corporation|118,Ward 118 - Teynampet,Greater Chennai Corporation,TEYNAMPET,1.92,45,23.4,7,7,16,5,10,244,105,261,466,569,96,97,91,94,81,92,,,
117,Greater Chennai Corporation|117,Ward 117 - CMWSSB Division 117,Greater Chennai Corporation,KODAMBAKKAM,1.34,38,28.4,9,5,8,2,14,239,246,307,615,187,96,94,90,92,94,93,,,
108,Greater Chennai Corporation|108,Ward 108 - Chetpet,Greater Chennai Corporation,ANNA NAGAR,1.54,24,15.6,13,3,5,3,0,245,195,410,402,931,96,95,86,95,69,88,,,
106,Greater Chennai Corporation|106,Ward 106 - NGO Colony,Greater Chennai Corporation,ANNA NAGAR,0.89,7,7.9,0,0,3,0,4,661,597,232,671,421,89,85,92,92,86,89,,,
107,Greater Chennai Corporation|107,Ward 107 - Aminjikarai,Greater Chennai Corporation,ANNA NAGAR,1.26,22,17.5,8,2,5,0,7,172,312,246,676,234,97,92,92,92,92,93,,,
105,Greater Chennai Corporation|105,Ward 105 - Arumbakkam,Greater Chennai Corporation,ANNA NAGAR,1.32,17,12.9,6,5,1,0,5,250,382,448,469,288,96,90,85,94,90,91,,,
104,Greater Chennai Corporation|104,Ward 104 - Malar Colony,Greater Chennai Corporation,ANNA NAGAR,2.3,28,12.2,10,1,11,2,4,193,692,280,311,470,97,83,91,96,84,90,,,
99,Greater Chennai Corporation|99,Ward 99 - CMWSSB Division 104,Greater Chennai Corporation,ANNA NAGAR,1.31,24,18.4,12,1,9,0,2,108,534,81,646,598,98,87,97,92,80,91,,,
98,Greater Chennai Corporation|98,Ward 98 - Ayanavaram,Greater Chennai Corporation,ANNA NAGAR,1.45,5,3.5,4,1,0,0,0,435,384,668,1045,1866,93,90,78,87,38,77,,,
100,Greater Chennai Corporation|100,Ward 100 - Kilpauk,Greater Chennai Corporation,ANNA NAGAR,2.22,38,17.1,27,6,4,0,1,375,230,764,681,902,94,94,75,91,70,85,,,
97,Greater Chennai Corporation|97,Ward 97 - CMWSSB Division 97,Greater Chennai Corporation,ANNA NAGAR,0.75,1,1.3,0,1,0,0,0,477,299,447,622,1187,92,93,85,92,60,84,,,
101,Greater Chennai Corporation|101,Ward 101 - Shenoy Nagar,Greater Chennai Corporation,ANNA NAGAR,1.53,18,11.8,8,2,4,2,2,309,534,340,520,783,95,87,89,94,74,88,,,
96,Greater Chennai Corporation|96,Ward 96 - ICF Colony,Greater Chennai Corporation,ANNA NAGAR,2.77,9,3.3,1,3,2,3,0,319,315,918,353,1353,95,92,69,96,55,81,,,
102,Greater Chennai Corporation|102,Ward 102 - Anna Nagar,Greater Chennai Corporation,ANNA NAGAR,1.8,43,23.9,15,6,15,3,4,166,23,95,207,215,97,99,97,97,93,97,7810,788,1.7
95,Greater Chennai Corporation|95,Ward 95 - CMWSSB Division 95,Greater Chennai Corporation,ANNA NAGAR,2.35,26,11.0,9,6,7,1,3,408,461,227,1117,355,93,88,92,86,88,89,,,
103,Greater Chennai Corporation|103,Ward 103 - Nagerkoyil Sudalaimuthu Krishnan Nagar,Greater Chennai Corporation,ANNA NAGAR,2.46,28,11.4,11,4,9,1,3,277,164,267,504,183,95,96,91,94,94,94,,,
94,Greater Chennai Corporation|94,Ward 94 - CMWSSB Division 94,Greater Chennai Corporation,ANNA NAGAR,1.51,6,4.0,2,0,4,0,0,419,678,436,1702,817,93,83,85,79,73,83,,,
15,Greater Chennai Corporation|15,Ward 15 - Edayanchavadi,Greater Chennai Corporation,MANALI,8.76,0,0.0,0,0,0,0,0,2359,4038,4050,4477,10116,61,0,0,44,0,21,,,
16,Greater Chennai Corporation|16,Ward 16 - Saidayankuppam,Greater Chennai Corporation,MANALI,10.09,0,0.0,0,0,0,0,0,1149,3612,3275,3917,7409,81,10,0,51,0,28,,,
17,Greater Chennai Corporation|17,Ward 17 - CMWSSB Division 17,Greater Chennai Corporation,MANALI,6.72,0,0.0,0,0,0,0,0,2732,2285,2530,7020,5133,54,43,16,12,0,25,,,
18,Greater Chennai Corporation|18,Ward 18 - CMWSSB Division 21,Greater Chennai Corporation,MANALI,8.13,0,0.0,0,0,0,0,0,1185,4377,766,5047,4898,80,0,74,37,0,38,,,
19,Greater Chennai Corporation|19,Ward 19 - Mathur,Greater Chennai Corporation,MANALI,4.15,1,0.2,0,0,1,0,0,1091,2510,1180,6606,3613,82,37,61,17,0,39,,,
20,Greater Chennai Corporation|20,Ward 20 - CMWSSB Division 20,Greater Chennai Corporation,MANALI,0.64,0,0.0,0,0,0,0,0,177,3351,688,5237,3816,97,16,77,35,0,45,,,
21,Greater Chennai Corporation|21,Ward 21 - Manali,Greater Chennai Corporation,MANALI,1.88,3,1.6,2,0,1,0,0,336,3523,695,5178,4024,94,12,77,35,0,44,,,
79,Greater Chennai Corporation|79,Ward 79 - CMWSSB Division 79,Greater Chennai Corporation,AMBATTUR,2.11,4,1.9,1,2,1,0,0,1008,396,612,632,344,83,90,80,92,89,87,,,
80,Greater Chennai Corporation|80,Ward 80 - CMWSSB Division 80,Greater Chennai Corporation,AMBATTUR,1.5,3,2.0,0,0,1,1,1,1211,1103,166,183,761,80,72,94,98,75,84,,,
81,Greater Chennai Corporation|81,Ward 81 - Ambattur,Greater Chennai Corporation,AMBATTUR,1.67,30,17.9,6,10,2,2,10,251,342,241,373,196,96,91,92,95,93,93,,,
82,Greater Chennai Corporation|82,Ward 82 - CMWSSB Division 82,Greater Chennai Corporation,AMBATTUR,3.9,8,2.0,0,2,4,1,1,1679,407,577,1288,571,72,90,81,84,81,82,,,
83,Greater Chennai Corporation|83,Ward 83 - CMWSSB Division 83,Greater Chennai Corporation,AMBATTUR,6.68,15,2.2,3,2,8,0,2,1127,873,800,3041,1345,81,78,73,62,55,70,,,
84,Greater Chennai Corporation|84,Ward 84 - Korattur,Greater Chennai Corporation,AMBATTUR,3.15,7,2.2,0,1,6,0,0,1768,513,308,2072,1633,71,87,90,74,46,74,,,
85,Greater Chennai Corporation|85,Ward 85 - CMWSSB Division 85,Greater Chennai Corporation,AMBATTUR,4.41,10,2.3,1,0,7,2,0,502,1612,209,718,380,92,60,93,91,87,85,,,
86,Greater Chennai Corporation|86,Ward 86 - CMWSSB Division 86,Greater Chennai Corporation,AMBATTUR,6.29,13,2.1,3,0,9,0,1,623,1406,736,1572,735,90,65,75,80,76,77,,,
87,Greater Chennai Corporation|87,Ward 87 - CMWSSB Division 89,Greater Chennai Corporation,AMBATTUR,0.96,1,1.0,0,0,1,0,0,1119,1101,250,1214,913,81,72,92,85,70,80,,,
88,Greater Chennai Corporation|88,Ward 88 - Padi,Greater Chennai Corporation,AMBATTUR,2.29,10,4.4,1,1,5,2,1,266,605,546,438,429,96,85,82,95,86,89,,,
90,Greater Chennai Corporation|90,Ward 90 - CMWSSB Division 93,Greater Chennai Corporation,AMBATTUR,1.09,20,18.3,6,1,4,7,2,293,423,306,275,275,95,89,90,97,91,92,,,
92,Greater Chennai Corporation|92,Ward 92 - CMWSSB Division 92,Greater Chennai Corporation,AMBATTUR,1.05,14,13.4,7,2,0,0,5,282,504,439,648,275,95,87,85,92,91,90,,,
93,Greater Chennai Corporation|93,Ward 93 - Mogappair East,Greater Chennai Corporation,AMBATTUR,1.42,1,0.7,1,0,0,0,0,755,591,615,654,643,87,85,80,92,79,85,,,
89,Greater Chennai Corporation|89,Ward 89 - Collector Nagar,Greater Chennai Corporation,AMBATTUR,1.0,15,15.0,3,4,4,2,2,350,381,86,484,546,94,90,97,94,82,91,,,
162,Greater Chennai Corporation|162,Ward 162 - Thillai Ganga Nagar,Greater Chennai Corporation,ALANDUR,1.25,3,2.4,0,1,2,0,0,274,483,296,892,637,95,88,90,89,79,88,,,
163,Greater Chennai Corporation|163,Ward 163 - CMWSSB Division 163,Greater Chennai Corporation,ALANDUR,0.76,5,6.5,2,0,0,2,1,441,409,465,58,546,93,90,84,99,82,90,,,
164,Greater Chennai Corporation|164,Ward 164 - Pazhavanthangal,Greater Chennai Corporation,ALANDUR,0.61,27,44.5,9,3,6,0,9,190,320,149,552,120,97,92,95,93,96,95,,,
158,Greater Chennai Corporation|158,Ward 158 - Nandambakkam,Greater Chennai Corporation,ALANDUR,2.03,5,2.5,0,0,3,1,1,572,546,390,597,628,90,86,87,93,79,87,,,
159,Greater Chennai Corporation|159,Ward 159 - Meenambakkam,Greater Chennai Corporation,ALANDUR,3.39,6,1.8,0,0,3,3,0,1013,1172,732,541,1693,83,71,76,93,44,73,,,
167,Greater Chennai Corporation|167,Ward 167 - Nanganallur,Greater Chennai Corporation,ALANDUR,1.14,38,33.2,15,4,9,3,7,270,163,301,345,321,96,96,90,96,89,93,,,
157,Greater Chennai Corporation|157,Ward 157 - Manapakkam,Greater Chennai Corporation,ALANDUR,4.61,22,4.8,3,1,11,1,6,165,666,238,884,119,97,83,92,89,96,91,,,
166,Greater Chennai Corporation|166,Ward 166 - Moovarasampettai,Greater Chennai Corporation,ALANDUR,1.31,1,0.8,0,1,0,0,0,177,275,79,45,140,97,93,97,99,95,96,,,
165,Greater Chennai Corporation|165,Ward 165 - CMWSSB Division 165,Greater Chennai Corporation,ALANDUR,1.17,17,14.5,5,2,6,0,4,193,63,326,954,651,97,98,89,88,78,90,,,
156,Greater Chennai Corporation|156,Ward 156 - CMWSSB Division 156,Greater Chennai Corporation,ALANDUR,2.8,7,2.5,1,2,1,2,1,896,587,1421,751,168,85,85,53,91,94,82,,,
67,Greater Chennai Corporation|67,Ward 67 - CMWSSB Division 68,Greater Chennai Corporation,THIRU-VIKA-NAGAR,0.91,2,2.2,1,1,0,0,0,452,361,1299,1327,1018,92,91,57,83,66,78,,,
70,Greater Chennai Corporation|70,Ward 70 - CMWSSB Division 69,Greater Chennai Corporation,THIRU-VIKA-NAGAR,1.74,16,9.2,7,4,3,0,2,115,106,299,669,241,98,97,90,92,92,94,,,
71,Greater Chennai Corporation|71,Ward 71 - Perambur,Greater Chennai Corporation,THIRU-VIKA-NAGAR,1.54,11,7.1,1,1,9,0,0,430,711,233,593,842,93,82,92,93,72,86,,,
74,Greater Chennai Corporation|74,Ward 74 - Otteri,Greater Chennai Corporation,THIRU-VIKA-NAGAR,0.96,4,4.2,0,0,2,2,0,582,920,470,616,1210,90,77,84,92,60,81,,,
77,Greater Chennai Corporation|77,Ward 77 - CMWSSB Division 77,Greater Chennai Corporation,THIRU-VIKA-NAGAR,0.58,0,0.0,0,0,0,0,0,576,743,888,1010,618,90,81,70,87,79,81,,,
69,Greater Chennai Corporation|69,Ward 69 - GKM Colony,Greater Chennai Corporation,THIRU-VIKA-NAGAR,1.06,3,2.8,2,0,1,0,0,214,338,464,228,1631,96,92,85,97,46,83,,,
78,Greater Chennai Corporation|78,Ward 78 - Purasawalkam,Greater Chennai Corporation,THIRU-VIKA-NAGAR,0.68,3,4.4,3,0,0,0,0,61,1092,877,1261,649,99,73,71,84,78,81,,,
76,Greater Chennai Corporation|76,Ward 76 - CMWSSB Division 76,Greater Chennai Corporation,THIRU-VIKA-NAGAR,0.62,6,9.7,2,0,4,0,0,310,775,682,937,425,95,81,77,88,86,85,,,
64,Greater Chennai Corporation|64,Ward 64 - Villivakkam,Greater Chennai Corporation,THIRU-VIKA-NAGAR,1.6,10,6.3,0,0,6,0,4,490,1321,417,2300,730,92,67,86,71,76,78,,,
75,Greater Chennai Corporation|75,Ward 75 - Secretariat Colony,Greater Chennai Corporation,THIRU-VIKA-NAGAR,0.96,5,5.2,4,0,0,1,0,445,787,604,718,1584,93,80,80,91,47,78,,,
66,Greater Chennai Corporation|66,Ward 66 - CMWSSB Division 66,Greater Chennai Corporation,THIRU-VIKA-NAGAR,1.04,5,4.8,5,0,0,0,0,545,1110,1266,1625,1602,91,72,58,80,47,70,,,
73,Greater Chennai Corporation|73,Ward 73 - CMWSSB Division 73,Greater Chennai Corporation,THIRU-VIKA-NAGAR,0.93,6,6.4,1,1,2,0,2,208,592,955,1182,278,97,85,68,85,91,85,,,
72,Greater Chennai Corporation|72,Ward 72 - Pulianthope,Greater Chennai Corporation,THIRU-VIKA-NAGAR,1.33,3,2.3,0,1,1,1,0,652,175,661,1004,756,89,96,78,87,75,85,,,
147,Greater Chennai Corporation|147,Ward 147 - Maduravoyal,Greater Chennai Corporation,VALASARVAKKAM,2.06,0,0.0,0,0,0,0,0,1513,1178,910,2089,1370,75,71,70,74,54,69,,,
148,Greater Chennai Corporation|148,Ward 148 - CMWSSB Division 148,Greater Chennai Corporation,VALASARVAKKAM,0.89,1,1.1,0,1,0,0,0,901,223,1101,1399,935,85,94,63,83,69,79,,,
149,Greater Chennai Corporation|149,Ward 149 - CMWSSB Division 149,Greater Chennai Corporation,VALASARVAKKAM,1.43,10,7.0,6,1,0,0,3,256,171,732,765,32,96,96,76,90,99,91,,,
150,Greater Chennai Corporation|150,Ward 150 - Vanagaram,Greater Chennai Corporation,,3.56,16,4.5,5,4,6,0,1,976,477,952,1379,1947,84,88,68,83,35,72,,,
151,Greater Chennai Corporation|151,Ward 151 - CMWSSB Division 151,Greater Chennai Corporation,VALASARVAKKAM,1.68,11,6.6,2,1,5,2,1,358,624,500,904,419,94,84,83,89,86,87,,,
146,Greater Chennai Corporation|146,Ward 146 - Alapakkam,Greater Chennai Corporation,VALASARVAKKAM,1.09,1,0.9,0,0,1,0,0,2040,1729,545,2491,1511,66,57,82,69,50,65,,,
155,Greater Chennai Corporation|155,Ward 155 - Nesapakkam,Greater Chennai Corporation,VALASARVAKKAM,1.56,14,9.0,6,2,4,1,1,298,420,136,590,269,95,90,95,93,91,93,,,
145,Greater Chennai Corporation|145,Ward 145 - Nerkundram,Greater Chennai Corporation,VALASARVAKKAM,1.52,4,2.6,0,1,2,0,1,824,815,781,653,850,86,80,74,92,72,81,,,
154,Greater Chennai Corporation|154,Ward 154 - Ramapuram,Greater Chennai Corporation,VALASARVAKKAM,1.18,8,6.8,2,1,4,0,1,435,77,391,316,230,93,98,87,96,92,93,,,
144,Greater Chennai Corporation|144,Ward 144 - CMWSSB Division 144,Greater Chennai Corporation,VALASARVAKKAM,1.4,3,2.1,1,0,2,0,0,1047,1026,501,1770,1505,83,74,83,78,50,74,,,
153,Greater Chennai Corporation|153,Ward 153 - Porur,Greater Chennai Corporation,VALASARVAKKAM,2.28,5,2.2,0,2,3,0,0,1082,780,834,854,692,82,80,72,89,77,80,,,
152,Greater Chennai Corporation|152,Ward 152 - Valasaravakkam,Greater Chennai Corporation,VALASARVAKKAM,1.61,12,7.4,5,1,3,1,2,164,725,99,831,235,97,82,97,90,92,92,,,
49,Greater Chennai Corporation|49,Ward 49 - Old Washermanpet,Greater Chennai Corporation,ROYAPURAM,0.79,6,7.6,6,0,0,0,0,101,570,569,577,1947,98,86,81,93,35,79,,,
50,Greater Chennai Corporation|50,Ward 50 - Royapuram,Greater Chennai Corporation,ROYAPURAM,1.55,10,6.5,5,4,0,1,0,99,94,617,771,1450,98,98,79,90,52,83,,,
52,Greater Chennai Corporation|52,Ward 52 - CMWSSB Division 52,Greater Chennai Corporation,ROYAPURAM,1.04,13,12.5,4,1,7,1,0,371,513,272,405,923,94,87,91,95,69,87,,,
54,Greater Chennai Corporation|54,Ward 54 - Vallalar Nagar,Greater Chennai Corporation,ROYAPURAM,0.6,23,38.5,13,3,1,0,6,269,133,341,443,325,96,97,89,94,89,93,,,
55,Greater Chennai Corporation|55,Ward 55 - CMWSSB Division 55,Greater Chennai Corporation,ROYAPURAM,0.58,22,38.1,11,4,2,1,4,14,172,431,129,303,100,96,86,98,90,94,,,
56,Greater Chennai Corporation|56,Ward 56 - CMWSSB Division 56,Greater Chennai Corporation,ROYAPURAM,0.57,33,57.9,10,15,2,1,5,145,30,87,115,149,98,99,97,99,95,98,,,
57,Greater Chennai Corporation|57,Ward 57 - George Town,Greater Chennai Corporation,ROYAPURAM,0.91,36,39.4,9,7,3,5,12,47,149,427,429,188,99,96,86,95,94,94,,,
58,Greater Chennai Corporation|58,Ward 58 - Park Town,Greater Chennai Corporation,ROYAPURAM,2.61,26,10.0,10,3,7,3,3,505,605,833,1001,421,92,85,72,87,86,84,,,
59,Greater Chennai Corporation|59,Ward 59 - Island Grounds,Greater Chennai Corporation,ROYAPURAM,2.83,57,20.1,6,4,24,9,14,239,237,71,333,522,96,94,98,96,83,93,,,
60,Greater Chennai Corporation|60,Ward 60 - CMWSSB Division 60,Greater Chennai Corporation,ROYAPURAM,5.17,67,13.0,5,11,15,14,22,550,25,172,303,120,91,99,94,96,96,95,,,
61,Greater Chennai Corporation|61,Ward 61 - Egmore,Greater Chennai Corporation,ROYAPURAM,2.23,50,22.4,12,8,11,6,13,113,86,175,238,110,98,98,94,97,96,97,,,
62,Greater Chennai Corporation|62,Ward 62 - Chintadripet,Greater Chennai Corporation,ROYAPURAM,0.84,21,25.0,5,7,4,4,1,341,206,170,117,194,94,95,94,99,94,95,,,
63,Greater Chennai Corporation|63,Ward 63 - Pudupet,Greater Chennai Corporation,ROYAPURAM,0.97,23,23.7,1,1,14,1,6,307,288,151,382,11,95,93,95,95,100,96,,,
51,Greater Chennai Corporation|51,Ward 51 - CMWSSB Division 51,Greater Chennai Corporation,ROYAPURAM,0.41,1,2.5,1,0,0,0,0,291,525,363,595,1197,95,87,88,93,60,85,,,
53,Greater Chennai Corporation|53,Ward 53 - Moolakothalam,Greater Chennai Corporation,ROYAPURAM,0.86,12,14.0,1,2,6,3,0,599,488,386,337,687,90,88,87,96,77,88,,,
130,Greater Chennai Corporation|130,Ward 130 - CMWSSB Division 130,Greater Chennai Corporation,KODAMBAKKAM,1.21,19,15.7,8,2,6,1,2,209,222,119,417,177,97,94,96,95,94,95,,,
136,Greater Chennai Corporation|136,Ward 136 - CMWSSB Division 131,Greater Chennai Corporation,KODAMBAKKAM,1.2,16,13.3,6,4,4,1,1,386,162,265,227,745,94,96,91,97,75,91,,,
131,Greater Chennai Corporation|131,Ward 131 - CMWSSB Division 133,Greater Chennai Corporation,KODAMBAKKAM,1.05,11,10.5,5,0,2,2,2,143,366,275,271,369,98,91,91,97,88,93,,,
132,Greater Chennai Corporation|132,Ward 132 - Kodambakkam,Greater Chennai Corporation,KODAMBAKKAM,1.1,17,15.4,9,2,1,1,4,200,208,706,662,250,97,95,76,92,92,90,,,
129,Greater Chennai Corporation|129,Ward 129 - SBI Colony,Greater Chennai Corporation,KODAMBAKKAM,1.91,36,18.8,15,9,8,2,2,50,107,122,226,153,99,97,96,97,95,97,,,
138,Greater Chennai Corporation|138,Ward 138 - Jafferkhanpet,Greater Chennai Corporation,KODAMBAKKAM,1.27,18,14.2,3,4,5,2,4,324,279,366,351,364,95,93,88,96,88,92,,,
128,Greater Chennai Corporation|128,Ward 128 - Virugambakkam,Greater Chennai Corporation,KODAMBAKKAM,1.61,22,13.7,11,3,7,0,1,95,538,136,811,394,98,87,95,90,87,91,,,
137,Greater Chennai Corporation|137,Ward 137 - K.K.Nagar,Greater Chennai Corporation,KODAMBAKKAM,1.63,12,7.4,3,1,7,0,1,37,503,75,998,90,99,87,98,88,97,94,,,
127,Greater Chennai Corporation|127,Ward 127 - Saligramam,Greater Chennai Corporation,KODAMBAKKAM,3.88,50,12.9,9,2,24,6,9,773,872,320,413,550,87,78,89,95,82,86,,,
133,Greater Chennai Corporation|133,Ward 133 - CMWSSB Division 136,Greater Chennai Corporation,KODAMBAKKAM,1.85,44,23.8,8,10,9,2,15,182,347,74,179,127,97,91,98,98,96,96,,,
141,Greater Chennai Corporation|141,Ward 141 - Thiyagaraya Nagar,Greater Chennai Corporation,KODAMBAKKAM,0.78,17,21.7,5,7,2,3,0,135,442,247,223,525,98,89,92,97,82,92,7964,501,2.9
134,Greater Chennai Corporation|134,Ward 134 - West Mambalam,Greater Chennai Corporation,KODAMBAKKAM,0.95,31,32.6,15,5,5,0,6,150,289,286,773,174,98,93,90,90,94,93,,,
41,Greater Chennai Corporation|41,Ward 41 - CMWSSB Division 41,Greater Chennai Corporation,TONDIARPET,0.9,0,0.0,0,0,0,0,0,924,678,559,1143,2385,85,83,81,86,20,71,,,
40,Greater Chennai Corporation|40,Ward 40 - Tondiarpet,Greater Chennai Corporation,TONDIARPET,1.07,2,1.9,1,0,1,0,0,429,809,412,871,3853,93,80,86,89,0,70,,,
38,Greater Chennai Corporation|38,Ward 38 - CMWSSB Division 38,Greater Chennai Corporation,TONDIARPET,1.81,1,0.6,0,0,1,0,0,1219,1772,447,1823,3610,80,56,85,77,0,60,,,
37,Greater Chennai Corporation|37,Ward 37 - CMWSSB Division 37,Greater Chennai Corporation,TONDIARPET,4.13,2,0.5,2,0,0,0,0,1351,1518,1466,1590,2969,77,62,51,80,1,54,,,
44,Greater Chennai Corporation|44,Ward 44 - CMWSSB Division 44,Greater Chennai Corporation,TONDIARPET,0.7,3,4.3,3,0,0,0,0,380,907,961,1216,740,94,77,68,85,75,80,,,
48,Greater Chennai Corporation|48,Ward 48 - Washermanpet,Greater Chennai Corporation,TONDIARPET,0.48,5,10.4,3,1,1,0,0,241,268,282,281,1424,96,93,91,96,53,86,,,
42,Greater Chennai Corporation|42,Ward 42 - Korukkupet,Greater Chennai Corporation,TONDIARPET,1.09,6,5.5,2,1,2,1,0,334,300,394,230,1824,94,92,87,97,39,82,,,
47,Greater Chennai Corporation|47,Ward 47 - CMWSSB Division 47,Greater Chennai Corporation,TONDIARPET,0.63,1,1.6,0,1,0,0,0,657,485,403,1035,1884,89,88,87,87,37,78,,,
45,Greater Chennai Corporation|45,Ward 45 - Vyasarpadi,Greater Chennai Corporation,TONDIARPET,1.15,3,2.6,0,2,1,0,0,710,429,653,1103,1297,88,89,78,86,57,80,,,
46,Greater Chennai Corporation|46,Ward 46 - Basin Bridge,Greater Chennai Corporation,TONDIARPET,1.45,2,1.4,0,1,0,1,0,584,470,1122,127,1927,90,88,63,98,36,75,,,
34,Greater Chennai Corporation|34,Ward 34 - Chinna Kodungaiyur,Greater Chennai Corporation,TONDIARPET,2.46,4,1.6,2,0,2,0,0,498,595,602,3325,906,92,85,80,58,70,77,,,
35,Greater Chennai Corporation|35,Ward 35 - Kodungaiyur,Greater Chennai Corporation,TONDIARPET,1.7,7,4.1,5,1,1,0,0,59,543,796,2712,844,99,86,73,66,72,79,,,
36,Greater Chennai Corporation|36,Ward 36 - CMWSSB Division 36,Greater Chennai Corporation,TONDIARPET,1.38,3,2.2,1,2,0,0,0,687,575,1497,1545,1595,89,86,50,81,47,71,,,
1,Greater Chennai Corporation|1,Ward 1 - Ennore,Greater Chennai Corporation,THIRUVOTTRIYUR,1.75,2,1.1,0,1,1,0,0,3603,281,532,4416,13235,40,93,82,45,0,52,,,
10,Greater Chennai Corporation|10,Ward 10 - CMWSSB Division 10,Greater Chennai Corporation,THIRUVOTTRIYUR,0.53,4,7.6,0,2,2,0,0,502,279,357,2075,6898,92,93,88,74,0,69,,,
11,Greater Chennai Corporation|11,Ward 11 - Tiruvottiyur,Greater Chennai Corporation,THIRUVOTTRIYUR,0.64,7,11.0,4,3,0,0,0,26,141,332,2466,6358,100,96,89,69,0,71,,,
2,Greater Chennai Corporation|2,Ward 2 - Kathivakkam,Greater Chennai Corporation,THIRUVOTTRIYUR,2.94,3,1.0,0,1,2,0,0,2526,745,143,3332,12245,58,81,95,58,0,58,,,
3,Greater Chennai Corporation|3,Ward 3 - Ernavur,Greater Chennai Corporation,THIRUVOTTRIYUR,3.18,6,1.9,1,0,5,0,0,345,1166,413,1228,10461,94,71,86,85,0,67,,,
5,Greater Chennai Corporation|5,Ward 5 - Bharathiyar Nagar,Greater Chennai Corporation,THIRUVOTTRIYUR,2.33,11,4.7,0,1,9,1,0,1213,632,395,496,9298,80,84,87,94,0,69,,,
7,Greater Chennai Corporation|7,Ward 7 - Kargil Nagar,Greater Chennai Corporation,THIRUVOTTRIYUR,7.73,1,0.1,1,0,0,0,0,1596,1557,1037,3038,5845,73,61,65,62,0,52,,,
8,Greater Chennai Corporation|8,Ward 8 - CMWSSB Division 8,Greater Chennai Corporation,THIRUVOTTRIYUR,0.73,5,6.9,4,1,0,0,0,101,354,663,1482,7457,98,91,78,81,0,70,,,
9,Greater Chennai Corporation|9,Ward 9 - CMWSSB Division 9,Greater Chennai Corporation,THIRUVOTTRIYUR,0.69,2,2.9,0,0,2,0,0,320,340,245,1891,7043,95,92,92,76,0,71,,,
12,Greater Chennai Corporation|12,Ward 12 - Kaladipet,Greater Chennai Corporation,THIRUVOTTRIYUR,0.42,4,9.4,3,1,0,0,0,222,228,307,1870,5692,96,94,90,77,0,71,,,
13,Greater Chennai Corporation|13,Ward 13 - CMWSSB Division 13,Greater Chennai Corporation,THIRUVOTTRIYUR,0.47,1,2.1,1,0,0,0,0,356,549,582,1562,5303,94,86,81,80,0,68,,,
14,Greater Chennai Corporation|14,Ward 14 - CMWSSB Division 14,Greater Chennai Corporation,THIRUVOTTRIYUR,0.67,4,5.9,2,0,2,0,0,201,314,237,1597,5492,97,92,92,80,0,72,,,
27,Greater Chennai Corporation|27,Ward 27 - Madhavaram Milk Colony,Greater Chennai Corporation,MADHAVARAM,3.67,1,0.3,1,0,0,0,0,937,1992,1194,5043,2278,84,50,60,37,24,51,,,
22,Greater Chennai Corporation|22,Ward 22 - CMWSSB Division 29,Greater Chennai Corporation,MADHAVARAM,2.17,0,0.0,0,0,0,0,0,717,2713,1391,4720,3371,88,32,54,41,0,43,,,
28,Greater Chennai Corporation|28,Ward 28 - Madhavaram,Greater Chennai Corporation,MADHAVARAM,1.32,11,8.3,2,3,3,0,3,420,450,125,3073,181,93,89,96,62,94,87,,,
29,Greater Chennai Corporation|29,Ward 29 - CMWSSB Division 33,Greater Chennai Corporation,THIRU-VIKA-NAGAR,2.29,2,0.9,0,1,1,0,0,873,793,1033,1764,986,85,80,66,78,67,75,,,
30,Greater Chennai Corporation|30,Ward 30 - CMWSSB Division 26,Greater Chennai Corporation,MADHAVARAM,3.12,10,3.2,4,0,6,0,0,147,1852,62,2854,1711,98,54,98,64,43,71,,,
26,Greater Chennai Corporation|26,Ward 26 - CMWSSB Division 27,Greater Chennai Corporation,MADHAVARAM,2.17,3,1.4,2,0,1,0,0,1148,1513,968,5000,1949,81,62,68,38,35,57,,,
25,Greater Chennai Corporation|25,Ward 25 - CMWSSB Division 30,Greater Chennai Corporation,MADHAVARAM,4.01,3,0.7,0,0,3,0,0,1103,1137,386,4364,1590,82,72,87,45,47,67,,,
33,Greater Chennai Corporation|33,Ward 33 - CMWSSB Division 32,Greater Chennai Corporation,MADHAVARAM,0.69,3,4.3,1,0,1,0,1,542,1078,429,2921,584,91,73,86,63,81,79,,,
24,Greater Chennai Corporation|24,Ward 24 - Puzhal,Greater Chennai Corporation,MADHAVARAM,2.73,6,2.2,1,0,5,0,0,549,1030,537,5662,3403,91,74,82,29,0,55,,,
32,Greater Chennai Corporation|32,Ward 32 - Puthagaram,Greater Chennai Corporation,MADHAVARAM,5.0,3,0.6,0,0,3,0,0,1928,1757,663,3555,1874,68,56,78,56,38,59,,,
23,Greater Chennai Corporation|23,Ward 23 - CMWSSB Division 22,Greater Chennai Corporation,MADHAVARAM,4.18,6,1.4,1,1,4,0,0,877,1195,206,5960,3839,85,70,93,26,0,55,,,
31,Greater Chennai Corporation|31,Ward 31 - Kathirvedu,Greater Chennai Corporation,MADHAVARAM,2.51,0,0.0,0,0,0,0,0,1349,2198,505,4660,2223,78,45,83,42,26,55,,,
142,Greater Chennai Corporation|142,Ward 142 - Saidapet,Greater Chennai Corporation,KODAMBAKKAM,1.07,37,34.5,21,5,3,4,4,51,298,248,233,194,99,93,92,97,94,95,,,
139,Greater Chennai Corporation|139,Ward 139 - CMWSSB Division 139,Greater Chennai Corporation,KODAMBAKKAM,0.73,12,16.5,3,3,1,2,3,364,295,487,104,352,94,93,84,99,88,92,,,
140,Greater Chennai Corporation|140,Ward 140 - West Saidapet,Greater Chennai Corporation,KODAMBAKKAM,0.77,14,18.3,5,3,4,0,2,55,437,292,641,408,99,89,90,92,86,91,,,
135,Greater Chennai Corporation|135,Ward 135 - Ashok Nagar,Greater Chennai Corporation,KODAMBAKKAM,1.49,48,32.3,13,7,16,1,11,118,168,503,661,398,98,96,83,92,87,91,,,
188,Greater Chennai Corporation|188,Ward 188 - Madipakkam,Greater Chennai Corporation,PERUNKUDI,3.45,14,4.1,2,3,8,1,0,604,624,448,1072,894,90,84,85,87,70,83,,,
187,Greater Chennai Corporation|187,Ward 187 - Karthikeyapuram,Greater Chennai Corporation,PERUNKUDI,1.0,10,10.0,3,2,3,0,2,241,418,291,831,405,96,90,90,90,86,90,,,
4,Greater Chennai Corporation|4,Ward 4 - CMWSSB Division 4,Greater Chennai Corporation,THIRUVOTTRIYUR,2.09,4,1.9,0,1,2,1,0,1178,219,375,639,8432,80,95,88,92,0,71,,,
68,Greater Chennai Corporation|68,Ward 68 - Periyar Nagar,Greater Chennai Corporation,THIRU-VIKA-NAGAR,1.4,9,6.4,7,1,0,1,0,108,436,907,644,2102,98,89,70,92,30,76,,,
65,Greater Chennai Corporation|65,Ward 65 - CMWSSB Division 65,Greater Chennai Corporation,THIRU-VIKA-NAGAR,1.89,7,3.7,5,0,2,0,0,271,1411,1011,1607,1457,95,65,66,80,51,71,,,
143,Greater Chennai Corporation|143,Ward 143 - Nolambur,Greater Chennai Corporation,VALASARVAKKAM,2.61,4,1.5,0,0,0,1,3,707,731,559,524,332,88,82,81,93,89,87,,,
91,Greater Chennai Corporation|91,Ward 91 - GingerBread,Greater Chennai Corporation,VALASARVAKKAM,1.22,8,6.5,2,1,3,0,2,468,845,227,296,306,92,79,92,96,90,90,,,
6,Greater Chennai Corporation|6,Ward 6 - CMWSSB Division 6,Greater Chennai Corporation,THIRUVOTTRIYUR,1.39,0,0.0,0,0,0,0,0,418,612,844,1156,7664,93,85,72,86,0,67,,,
39,Greater Chennai Corporation|39,Ward 39 - Tollgate,Greater Chennai Corporation,TONDIARPET,1.05,4,3.8,1,1,2,0,0,475,450,551,767,4325,92,89,82,90,0,71,,,
43,Greater Chennai Corporation|43,Ward 43 - Tondiarpet,Greater Chennai Corporation,TONDIARPET,1.0,7,7.0,6,0,1,0,0,125,763,459,742,2636,98,81,85,91,12,73,,,
111,Greater Chennai Corporation|111,Ward 111 - Thousand Lights,Greater Chennai Corporation,TEYNAMPET,2.74,71,26.0,7,9,30,11,14,340,250,411,94,295,94,94,86,99,90,93,,,
110,Greater Chennai Corporation|110,Ward 110 - Nungambakkam,Greater Chennai Corporation,TEYNAMPET,2.07,26,12.6,5,7,8,1,5,131,193,197,463,373,98,95,93,94,88,94,,,
161,Greater Chennai Corporation|161,Ward 161 - CMWSSB Division 161,Greater Chennai Corporation,ALANDUR,0.8,6,7.5,0,1,5,0,0,457,292,249,277,501,92,93,92,97,83,91,,,
160,Greater Chennai Corporation|160,Ward 160 - CMWSSB Division 160,Greater Chennai Corporation,ALANDUR,0.67,14,20.8,6,0,5,3,0,192,378,312,232,590,97,91,90,97,80,91,,,
195,Greater Chennai Corporation|195,Ward 195 - Thuraipakkam,Greater Chennai Corporation,SHOZHANGANALLUR,2.51,8,3.2,4,2,0,0,2,70,420,866,2003,785,99,90,71,75,74,82,,,
196,Greater Chennai Corporation|196,Ward 196 - Kannagi Nagar,Greater Chennai Corporation,SHOZHANGANALLUR,1.56,1,0.6,0,0,1,0,0,543,641,351,2293,663,91,84,88,71,78,82,,,
